repo,repo_url,repo_created_at,actor,created_at,repo,repo_created_at,repo_url,timestamp,type
mpld3,https://github.com/jakevdp/mpld3,2013-12-18 01:48:30,1179,1179,1179,1179,1179,1179,1179
2014_Astr599_HW,https://github.com/uw-python/2014_Astr599_HW,2014-09-29 17:18:35,451,451,451,451,451,451,451
streams,https://github.com/adrn/streams,2012-11-20 04:06:15,422,422,422,422,422,422,422
sncosmo,https://github.com/sncosmo/sncosmo,2012-11-29 22:22:17,325,325,325,325,325,325,325
ipython,https://github.com/ipython/ipython,2010-05-10 04:46:06,300,300,300,300,300,300,300
SpaceWarps,https://github.com/drphilmarshall/SpaceWarps,2013-02-16 15:51:11,272,272,272,272,272,272,272
Ideas-for-Citizen-Science-in-Astronomy,https://github.com/drphilmarshall/Ideas-for-Citizen-Science-in-Astronomy,2013-03-29 20:45:41,256,256,256,256,256,256,256
noisy-plane,https://github.com/dfm/noisy-plane,2013-12-18 17:35:34,234,234,234,234,234,234,234
AstroData,https://github.com/uwescience/AstroData,2014-01-22 21:46:14,230,230,230,230,230,230,230
Gyro,https://github.com/RuthAngus/Gyro,2013-08-13 22:57:37,206,206,206,206,206,206,206
stream-team,https://github.com/stream-team/stream-team,2014-03-10 00:56:18,169,169,169,169,169,169,169
LensTractor,https://github.com/davidwhogg/LensTractor,2012-02-29 16:21:54,168,168,168,168,168,168,168
mplexporter,https://github.com/mpld3/mplexporter,2014-02-14 23:23:32,160,160,160,160,160,160,160
astropy-tutorials,https://github.com/astropy/astropy-tutorials,2013-02-20 06:55:33,147,147,147,147,147,147,147
SloanAtlas,https://github.com/davidwhogg/SloanAtlas,2012-03-17 16:17:55,146,146,146,146,146,146,146
scikit-learn,https://github.com/scikit-learn/scikit-learn,2010-08-17 09:43:38,141,141,141,141,141,141,141
sep,https://github.com/kbarbary/sep,2014-03-13 18:36:07,133,133,133,133,133,133,133
StellarSpectroscopy,https://github.com/jeffreymei/StellarSpectroscopy,2013-02-08 11:36:56,122,122,122,122,122,122,122
KeplerGP,https://github.com/RuthAngus/KeplerGP,2013-08-21 17:14:37,108,108,108,108,108,108,108
text_errata,https://github.com/astroML/text_errata,2014-01-15 21:24:10,106,106,106,106,106,106,106
CzScAR,https://github.com/drphilmarshall/CzScAR,2013-03-29 20:45:41,105,105,105,105,105,105,105
astroML,https://github.com/astroML/astroML,2012-10-17 22:33:50,102,102,102,102,102,102,102
astropy,https://github.com/astropy/astropy,2011-07-21 01:33:49,100,100,100,100,100,100,100
sofiatti.github.io,https://github.com/sofiatti/sofiatti.github.io,2014-10-02 02:25:10,93,93,93,93,93,93,93
nonlinear-dynamics,https://github.com/adrn/nonlinear-dynamics,2014-04-22 03:45:56,83,83,83,83,83,83,83
website_source,https://github.com/AstroHackWeek/website_source,2014-09-19 20:46:09,82,82,82,82,82,82,82
mpld3_rewrite,https://github.com/mpld3/mpld3_rewrite,2014-02-18 00:52:49,80,80,80,80,80,80,80
QuasarVariability,https://github.com/mykytyn/QuasarVariability,2013-07-29 11:44:47,73,73,73,73,73,73,73
preprint,https://github.com/jonathansick/preprint,2014-01-01 23:12:29,65,65,65,65,65,65,65
NYCastroML,https://github.com/adrn/NYCastroML,2014-01-24 16:32:24,65,65,65,65,65,65,65
sedbot,https://github.com/jonathansick/sedbot,2014-03-10 00:31:41,64,64,64,64,64,64,64
jradavenport_idl,https://github.com/jradavenport/jradavenport_idl,2014-04-19 17:37:27,64,64,64,64,64,64,64
ads_bibdesk,https://github.com/jonathansick/ads_bibdesk,2010-07-30 15:34:05,62,62,62,62,62,62,62
SNIacatalogs,https://github.com/rbiswas4/SNIacatalogs,2014-11-04 17:22:54,62,62,62,62,62,62,62
python-fsps,https://github.com/dfm/python-fsps,2012-04-19 03:09:38,60,60,60,60,60,60,60
gary,https://github.com/adrn/gary,2014-03-10 00:56:18,59,59,59,59,59,59,59
scipy_proceedings,https://github.com/scipy-conference/scipy_proceedings,2011-05-31 10:26:48,59,59,59,59,59,59,59
OWL,https://github.com/davidwhogg/OWL,2014-03-08 16:38:11,56,56,56,56,56,56,56
sep-python,https://github.com/kbarbary/sep-python,2014-05-28 20:09:03,56,56,56,56,56,56,56
multiband_LS,https://github.com/jakevdp/multiband_LS,2014-11-04 20:50:48,56,56,56,56,56,56,56
Dynamics,https://github.com/davidwhogg/Dynamics,2014-08-29 22:23:56,55,55,55,55,55,55,55
PythonicPerambulations,https://github.com/jakevdp/PythonicPerambulations,2013-05-05 02:31:56,55,55,55,55,55,55,55
photutils,https://github.com/astropy/photutils,2011-10-25 02:39:28,54,54,54,54,54,54,54
ddtpy,https://github.com/kbarbary/ddtpy,2014-06-16 20:35:42,51,51,51,51,51,51,51
tilt-shift,https://github.com/adrn/tilt-shift,2014-09-15 21:55:05,51,51,51,51,51,51,51
EvilLens,https://github.com/wmorning/EvilLens,2014-09-26 17:21:22,51,51,51,51,51,51,51
astropy-tutorials,https://github.com/adrn/astropy-tutorials,2013-03-16 18:13:21,51,51,51,51,51,51,51
sncosmo,https://github.com/rbiswas4/sncosmo,2013-11-29 17:24:10,50,50,50,50,50,50,50
astroMLfigs,https://github.com/gully/astroMLfigs,2014-06-27 16:58:08,50,50,50,50,50,50,50
zenodo,https://github.com/kapadia/zenodo,2014-02-12 17:14:19,49,49,49,49,49,49,49
StreamMorphology,https://github.com/adrn/StreamMorphology,2014-09-12 13:33:11,49,49,49,49,49,49,49
rasterio,https://github.com/mapbox/rasterio,2013-11-04 16:36:27,44,44,44,44,44,44,44
FBeye,https://github.com/jradavenport/FBeye,2014-05-08 17:36:44,44,44,44,44,44,44,44
jakevdp.github.io,https://github.com/jakevdp/jakevdp.github.io,2013-05-08 06:17:53,44,44,44,44,44,44,44
some-citable-code,https://github.com/kapadia/some-citable-code,2014-02-14 16:13:00,43,43,43,43,43,43,43
uw-6.github.io,https://github.com/uw-6/uw-6.github.io,2014-11-08 00:10:20,43,43,43,43,43,43,43
Apogee,https://github.com/mkness/Apogee,2014-08-14 17:14:40,43,43,43,43,43,43,43
LocalGroupHaloProps,https://github.com/drphilmarshall/LocalGroupHaloProps,2013-10-01 20:28:55,43,43,43,43,43,43,43
astrohackweek.github.io,https://github.com/AstroHackWeek/astrohackweek.github.io,2014-09-19 20:45:11,42,42,42,42,42,42,42
GetRichOrDieTrying,https://github.com/davidwhogg/GetRichOrDieTrying,2014-10-26 19:55:23,42,42,42,42,42,42,42
scripts,https://github.com/nhuntwalker/scripts,2014-06-11 21:36:17,41,41,41,41,41,41,41
HLM,https://github.com/davidwhogg/HLM,2014-03-08 16:38:11,41,41,41,41,41,41,41
cubehelix,https://github.com/jradavenport/cubehelix,2014-04-15 20:14:25,40,40,40,40,40,40,40
stream-morphology,https://github.com/adrn/stream-morphology,2014-09-12 13:33:11,40,40,40,40,40,40,40
FITSIO.jl,https://github.com/JuliaAstro/FITSIO.jl,2012-12-09 01:11:59,39,39,39,39,39,39,39
exopop,https://github.com/dfm/exopop,2013-11-20 16:10:49,38,38,38,38,38,38,38
TheCannon,https://github.com/mkness/TheCannon,2014-08-14 17:14:40,38,38,38,38,38,38,38
ESAC-stats-2014,https://github.com/jakevdp/ESAC-stats-2014,2014-10-23 14:36:33,38,38,38,38,38,38,38
starplex,https://github.com/jonathansick/starplex,2013-08-30 02:09:11,37,37,37,37,37,37,37
Dierckx.jl,https://github.com/kbarbary/Dierckx.jl,2014-10-15 06:28:03,37,37,37,37,37,37,37
DDD,https://github.com/davidwhogg/DDD,2014-02-24 22:11:24,36,36,36,36,36,36,36
sims_maf_contrib,https://github.com/LSST-nonproject/sims_maf_contrib,2014-08-15 17:21:56,35,35,35,35,35,35,35
LensWrangler,https://github.com/drphilmarshall/LensWrangler,2013-02-08 11:58:09,34,34,34,34,34,34,34
dojo_rules,https://github.com/gully/dojo_rules,2014-08-28 03:26:00,33,33,33,33,33,33,33
2014_fall_ASTR599,https://github.com/jakevdp/2014_fall_ASTR599,2014-08-13 19:22:58,33,33,33,33,33,33,33
Lens-Zoo,https://github.com/zooniverse/Lens-Zoo,2013-01-18 20:46:07,32,32,32,32,32,32,32
sncosmo,https://github.com/kbarbary/sncosmo,2013-09-25 22:01:51,32,32,32,32,32,32,32
skyoffset,https://github.com/jonathansick/skyoffset,2014-01-21 20:43:10,32,32,32,32,32,32,32
colaboratory,https://github.com/jupyter/colaboratory,2014-03-06 19:40:00,32,32,32,32,32,32,32
GalaxyCraft,https://github.com/drphilmarshall/GalaxyCraft,2014-10-04 23:06:40,31,31,31,31,31,31,31
sofiatti.github.io,https://github.com/sofiatti/sofiatti.github.io,2014-10-13 02:37:42,29,29,29,29,29,29,29
astropy,https://github.com/adrn/astropy,2012-09-27 20:51:22,29,29,29,29,29,29,29
scipy_proceedings,https://github.com/jakevdp/scipy_proceedings,2014-06-02 22:18:14,28,28,28,28,28,28,28
zenodo-test,https://github.com/kapadia/zenodo-test,2014-02-12 08:44:35,28,28,28,28,28,28,28
smartcard,https://github.com/davidwhogg/smartcard,2013-04-16 03:08:07,27,27,27,27,27,27,27
OsloWorkshop2014,https://github.com/jakevdp/OsloWorkshop2014,2014-11-25 18:39:42,27,27,27,27,27,27,27
scf,https://github.com/adrn/scf,2014-08-22 19:42:22,25,25,25,25,25,25,25
LSSanalysis,https://github.com/bareid/LSSanalysis,2013-05-07 14:38:55,25,25,25,25,25,25,25
tractor,https://github.com/dstndstn/tractor,2013-12-05 14:30:38,24,24,24,24,24,24,24
aas-gender-talks,https://github.com/astronomeralex/aas-gender-talks,2014-01-09 16:14:42,24,24,24,24,24,24,24
FITSIO.jl,https://github.com/kbarbary/FITSIO.jl,2014-02-10 06:10:10,24,24,24,24,24,24,24
WhenGiantsCollide,https://github.com/drphilmarshall/WhenGiantsCollide,2014-10-02 22:42:38,24,24,24,24,24,24,24
emcee,https://github.com/dfm/emcee,2011-11-07 16:17:08,23,23,23,23,23,23,23
pelican-plugins,https://github.com/getpelican/pelican-plugins,2012-11-05 16:49:31,23,23,23,23,23,23,23
AstroHackWeek2014,https://github.com/AstroHackWeek/AstroHackWeek2014,2014-09-20 13:59:04,23,23,23,23,23,23,23
rawimage.js,https://github.com/astrojs/rawimage.js,2013-01-10 17:49:21,23,23,23,23,23,23,23
smugness,https://github.com/RuthAngus/smugness,2014-06-27 08:35:10,23,23,23,23,23,23,23
sloan-2013-reports,https://github.com/ipython/sloan-2013-reports,2014-01-23 06:27:04,23,23,23,23,23,23,23
jradavenport.github.io,https://github.com/jradavenport/jradavenport.github.io,2014-11-07 18:55:44,23,23,23,23,23,23,23
androphotsys,https://github.com/jonathansick/androphotsys,2013-11-22 05:43:41,23,23,23,23,23,23,23
scipy,https://github.com/scipy/scipy,2011-03-09 18:52:03,23,23,23,23,23,23,23
mpld3.github.io,https://github.com/mpld3/mpld3.github.io,2014-02-09 18:55:45,23,23,23,23,23,23,23
K-ACF,https://github.com/RuthAngus/K-ACF,2013-07-22 10:32:59,23,23,23,23,23,23,23
des-sn-dbscripts,https://github.com/kbarbary/des-sn-dbscripts,2014-03-07 01:14:22,23,23,23,23,23,23,23
SciDB-py,https://github.com/jakevdp/SciDB-py,2013-06-18 02:31:06,22,22,22,22,22,22,22
dessn-dbscripts,https://github.com/dessn/dessn-dbscripts,2014-03-07 01:14:22,22,22,22,22,22,22,22
sklearn_pycon2014,https://github.com/jakevdp/sklearn_pycon2014,2013-09-06 18:09:32,22,22,22,22,22,22,22
wedge,https://github.com/jonathansick/wedge,2014-02-07 06:09:27,22,22,22,22,22,22,22
wcsjs,https://github.com/astrojs/wcsjs,2011-11-30 05:37:04,22,22,22,22,22,22,22
adrn.github.io,https://github.com/adrn/adrn.github.io,2013-05-16 18:19:21,22,22,22,22,22,22,22
BombScargle,https://github.com/jakevdp/BombScargle,2014-09-15 22:14:54,22,22,22,22,22,22,22
ScienceSays,https://github.com/drphilmarshall/ScienceSays,2014-10-04 21:44:11,22,22,22,22,22,22,22
sickvim,https://github.com/jonathansick/sickvim,2011-05-27 20:31:26,21,21,21,21,21,21,21
OM10,https://github.com/drphilmarshall/OM10,2013-09-28 02:28:13,21,21,21,21,21,21,21
website,https://github.com/jakevdp/website,2013-04-18 14:31:11,21,21,21,21,21,21,21
nestle,https://github.com/kbarbary/nestle,2013-07-18 19:28:48,21,21,21,21,21,21,21
cloud-classification,https://github.com/kapadia/cloud-classification,2014-10-06 23:36:10,20,20,20,20,20,20,20
PS1QLS,https://github.com/drphilmarshall/PS1QLS,2014-12-12 20:23:53,20,20,20,20,20,20,20
OpenVisConf2014,https://github.com/jakevdp/OpenVisConf2014,2014-04-22 18:19:36,20,20,20,20,20,20,20
SimAnalysis,https://github.com/RafiKueng/SimAnalysis,2013-07-15 09:19:17,19,19,19,19,19,19,19
starlit,https://github.com/jonathansick/starlit,2014-12-03 01:42:03,19,19,19,19,19,19,19
alphacen,https://github.com/RuthAngus/alphacen,2014-07-30 16:46:29,19,19,19,19,19,19,19
myria-website,https://github.com/uwescience/myria-website,2014-01-29 01:10:51,18,18,18,18,18,18,18
mSPAGHETI,https://github.com/gully/mSPAGHETI,2014-01-03 18:28:09,18,18,18,18,18,18,18
AASjobRegister,https://github.com/gully/AASjobRegister,2014-10-03 00:09:03,18,18,18,18,18,18,18
supersmoother,https://github.com/jakevdp/supersmoother,2014-12-18 00:42:25,18,18,18,18,18,18,18
Trieste,https://github.com/bareid/Trieste,2014-07-15 00:26:24,18,18,18,18,18,18,18
example_doc,https://github.com/rbiswas4/example_doc,2014-12-30 21:34:20,18,18,18,18,18,18,18
specutils,https://github.com/astropy/specutils,2011-10-14 16:11:38,17,17,17,17,17,17,17
matplotlib,https://github.com/matplotlib/matplotlib,2011-02-19 03:17:12,17,17,17,17,17,17,17
karenyyng.github.io,https://github.com/karenyyng/karenyyng.github.io,2014-12-25 06:34:43,17,17,17,17,17,17,17
SSC383D,https://github.com/gully/SSC383D,2014-02-05 05:02:50,17,17,17,17,17,17,17
paperweight,https://github.com/jonathansick/paperweight,2014-12-03 00:35:19,17,17,17,17,17,17,17
speccal,https://github.com/bd-j/speccal,2014-04-25 22:16:47,17,17,17,17,17,17,17
scikit-learn,https://github.com/jakevdp/scikit-learn,2011-05-13 03:54:40,16,16,16,16,16,16,16
scratch,https://github.com/rbiswas4/scratch,2014-12-06 04:10:49,16,16,16,16,16,16,16
mathy-issues,https://github.com/kapadia/mathy-issues,2014-09-27 16:27:49,16,16,16,16,16,16,16
JamesBradley,https://github.com/davidwhogg/JamesBradley,2014-12-09 21:49:17,16,16,16,16,16,16,16
my_website,https://github.com/sofiatti/my_website,2014-10-10 00:00:18,16,16,16,16,16,16,16
pyklsh,https://github.com/jakevdp/pyklsh,2014-08-25 22:50:47,16,16,16,16,16,16,16
text_errata,https://github.com/gully/text_errata,2014-01-17 20:50:01,16,16,16,16,16,16,16
ipywidgets,https://github.com/jakevdp/ipywidgets,2013-12-05 23:51:40,16,16,16,16,16,16,16
Phy154,https://github.com/karenyyng/Phy154,2014-03-26 20:12:19,15,15,15,15,15,15,15
FlareTests_AstroHackWeek,https://github.com/jradavenport/FlareTests_AstroHackWeek,2014-09-16 21:24:53,15,15,15,15,15,15,15
ipython-website,https://github.com/ipython/ipython-website,2011-06-08 21:17:37,15,15,15,15,15,15,15
agbcode,https://github.com/nhuntwalker/agbcode,2013-10-07 18:17:29,15,15,15,15,15,15,15
day1,https://github.com/AstroHackWeek/day1,2014-08-14 06:02:33,15,15,15,15,15,15,15
lsstpipeline,https://github.com/rbiswas4/lsstpipeline,2014-09-02 15:43:35,15,15,15,15,15,15,15
PyCall.jl,https://github.com/stevengj/PyCall.jl,2013-02-15 14:32:47,15,15,15,15,15,15,15
UTAstroHackDay2015,https://github.com/OttoStruve/UTAstroHackDay2015,2014-12-19 15:40:51,15,15,15,15,15,15,15
AstronomyChallenges,https://github.com/davidwhogg/AstronomyChallenges,2012-04-24 01:45:15,14,14,14,14,14,14,14
3d_print_the_universe,https://github.com/devonmpowell/3d_print_the_universe,2014-10-05 17:40:39,14,14,14,14,14,14,14
numpy,https://github.com/numpy/numpy,2010-09-13 23:02:39,14,14,14,14,14,14,14
elevate-apj,https://github.com/jradavenport/elevate-apj,2014-11-10 22:52:35,14,14,14,14,14,14,14
AstroWorse,https://github.com/davidwhogg/AstroWorse,2014-01-09 17:36:51,14,14,14,14,14,14,14
xi,https://github.com/bareid/xi,2014-09-19 20:30:09,14,14,14,14,14,14,14
batlog,https://github.com/jradavenport/batlog,2013-08-15 15:23:10,14,14,14,14,14,14,14
healpy,https://github.com/healpy/healpy,2011-07-06 11:08:31,13,13,13,13,13,13,13
astroML,https://github.com/SPIE-hack-day-2014/astroML,2014-06-26 15:00:42,13,13,13,13,13,13,13
IRkernel,https://github.com/takluyver/IRkernel,2014-02-26 02:57:07,13,13,13,13,13,13,13
FHD,https://github.com/miguelfmorales/FHD,2013-01-11 19:32:31,13,13,13,13,13,13,13
stream-team,https://github.com/adrn/stream-team,2014-03-10 00:56:18,13,13,13,13,13,13,13
NYCastroML,https://github.com/OttoStruve/NYCastroML,2014-02-25 18:05:34,12,12,12,12,12,12,12
ClassicalStatsPython,https://github.com/dhuppenkothen/ClassicalStatsPython,2014-09-18 21:50:12,12,12,12,12,12,12,12
ipython-in-depth,https://github.com/ipython/ipython-in-depth,2012-03-06 19:54:18,12,12,12,12,12,12,12
org,https://github.com/msdse/org,2014-10-08 16:37:24,12,12,12,12,12,12,12
d3,https://github.com/mbostock/d3,2010-09-27 17:22:42,11,11,11,11,11,11,11
macro-cell,https://github.com/adrn/macro-cell,2014-09-18 21:44:34,11,11,11,11,11,11,11
HackWeek2014,https://github.com/yoachim/HackWeek2014,2014-09-15 21:35:34,11,11,11,11,11,11,11
DataAnalysisRecipes,https://github.com/davidwhogg/DataAnalysisRecipes,2012-03-11 17:14:45,11,11,11,11,11,11,11
design,https://github.com/jupyter/design,2014-07-07 21:47:18,11,11,11,11,11,11,11
exoplanet_travel,https://github.com/RuthAngus/exoplanet_travel,2014-06-25 10:12:32,11,11,11,11,11,11,11
delphinus,https://github.com/jonathansick/delphinus,2013-04-25 21:27:43,11,11,11,11,11,11,11
StellarClocks,https://github.com/dfm/StellarClocks,2014-08-08 08:48:47,11,11,11,11,11,11,11
match.halos,https://github.com/drphilmarshall/match.halos,2014-10-10 01:04:51,10,10,10,10,10,10,10
seppy,https://github.com/kbarbary/seppy,2014-05-28 20:09:03,10,10,10,10,10,10,10
PyData2014,https://github.com/jakevdp/PyData2014,2014-10-14 04:09:25,10,10,10,10,10,10,10
l8,https://github.com/kapadia/l8,2014-12-05 23:09:24,10,10,10,10,10,10,10
klsh,https://github.com/jakevdp/klsh,2014-08-25 22:50:47,10,10,10,10,10,10,10
dotfiles,https://github.com/jonathansick/dotfiles,2012-10-09 13:13:29,10,10,10,10,10,10,10
Fall14_Phy102,https://github.com/karenyyng/Fall14_Phy102,2014-09-30 19:52:59,10,10,10,10,10,10,10
IJulia.jl,https://github.com/JuliaLang/IJulia.jl,2013-03-05 18:20:21,10,10,10,10,10,10,10
plm,https://github.com/dfm/plm,2013-08-29 15:20:20,10,10,10,10,10,10,10
InterstellarDust,https://github.com/davidwhogg/InterstellarDust,2012-06-07 09:39:50,10,10,10,10,10,10,10
UTools,https://github.com/dhuppenkothen/UTools,2014-09-15 17:38:18,10,10,10,10,10,10,10
contones,https://github.com/kapadia/contones,2014-04-16 16:51:00,10,10,10,10,10,10,10
snippets,https://github.com/adrn/snippets,2014-07-30 15:13:14,10,10,10,10,10,10,10
stat250,https://github.com/karenyng/stat250,2014-02-12 19:47:00,10,10,10,10,10,10,10
gj1245,https://github.com/jlurie/gj1245,2014-04-25 19:02:49,10,10,10,10,10,10,10
day4,https://github.com/AstroHackWeek/day4,2014-08-14 06:03:43,10,10,10,10,10,10,10
AAS2015Poster,https://github.com/yoachim/AAS2015Poster,2014-11-24 23:06:39,10,10,10,10,10,10,10
SciDB-py,https://github.com/Paradigm4/SciDB-py,2013-06-18 02:31:06,10,10,10,10,10,10,10
blog.jonathansick.ca,https://github.com/jonathansick/blog.jonathansick.ca,2014-01-18 05:58:17,10,10,10,10,10,10,10
iau311,https://github.com/jonathansick/iau311,2014-07-25 10:52:15,10,10,10,10,10,10,10
bayes,https://github.com/drphilmarshall/bayes,2014-09-20 18:59:44,10,10,10,10,10,10,10
kbarbary.github.io,https://github.com/kbarbary/kbarbary.github.io,2012-04-20 06:30:28,9,9,9,9,9,9,9
FreqBayes,https://github.com/jakevdp/FreqBayes,2014-03-05 23:26:35,9,9,9,9,9,9,9
spheredb,https://github.com/jakevdp/spheredb,2013-10-31 21:47:25,9,9,9,9,9,9,9
scipy2014,https://github.com/scipy-conference/scipy2014,2013-10-07 17:10:48,9,9,9,9,9,9,9
astropy,https://github.com/jonathansick/astropy,2014-06-15 21:29:45,9,9,9,9,9,9,9
d3po,https://github.com/adrn/d3po,2013-09-17 15:34:37,9,9,9,9,9,9,9
seaborn,https://github.com/mwaskom/seaborn,2012-06-18 18:41:19,9,9,9,9,9,9,9
ALMA_Central_Images,https://github.com/yasharhezaveh/ALMA_Central_Images,2014-10-21 21:19:19,9,9,9,9,9,9,9
MCCutils,https://github.com/MCTwo/MCCutils,2013-03-22 18:16:32,9,9,9,9,9,9,9
ImageSimulationRecipes,https://github.com/DarkEnergyScienceCollaboration/ImageSimulationRecipes,2013-11-25 23:40:21,9,9,9,9,9,9,9
SciAmBlogPost,https://github.com/jakevdp/SciAmBlogPost,2014-09-10 22:58:41,9,9,9,9,9,9,9
FHD_PyPE,https://github.com/patti/FHD_PyPE,2014-11-14 21:27:08,9,9,9,9,9,9,9
SeattleBike,https://github.com/jakevdp/SeattleBike,2014-05-16 00:41:55,9,9,9,9,9,9,9
imaging_systematics,https://github.com/bareid/imaging_systematics,2014-08-15 00:57:32,9,9,9,9,9,9,9
giantflare-paper,https://github.com/dhuppenkothen/giantflare-paper,2014-05-15 12:56:18,9,9,9,9,9,9,9
Bananas,https://github.com/drphilmarshall/Bananas,2014-09-18 15:43:32,9,9,9,9,9,9,9
Duh,https://github.com/davidwhogg/Duh,2014-03-22 16:49:48,9,9,9,9,9,9,9
WeakLensing,https://github.com/davidwhogg/WeakLensing,2012-04-23 09:53:06,8,8,8,8,8,8,8
thesis_materials,https://github.com/nhuntwalker/thesis_materials,2014-04-07 20:15:12,8,8,8,8,8,8,8
pandas,https://github.com/pydata/pandas,2010-08-24 01:37:33,8,8,8,8,8,8,8
AstroCausality,https://github.com/davidwhogg/AstroCausality,2014-05-20 01:39:20,8,8,8,8,8,8,8
specutils,https://github.com/kbarbary/specutils,2013-09-26 19:17:48,8,8,8,8,8,8,8
kplr,https://github.com/dfm/kplr,2013-04-10 15:20:53,8,8,8,8,8,8,8
day5,https://github.com/AstroHackWeek/day5,2014-08-14 06:04:04,8,8,8,8,8,8,8
clustering,https://github.com/karenyyng/clustering,2014-09-05 07:05:49,8,8,8,8,8,8,8
Spectroscopy,https://github.com/davidwhogg/Spectroscopy,2013-01-16 02:28:59,8,8,8,8,8,8,8
METADATA.jl,https://github.com/JuliaLang/METADATA.jl,2012-10-06 20:05:51,8,8,8,8,8,8,8
astero,https://github.com/dfm/astero,2014-08-08 08:48:47,8,8,8,8,8,8,8
PythonPractice,https://github.com/ogtelford/PythonPractice,2014-08-08 17:24:55,8,8,8,8,8,8,8
andromap,https://github.com/jonathansick/andromap,2013-11-29 21:41:40,8,8,8,8,8,8,8
astroquery,https://github.com/astropy/astroquery,2012-06-25 20:52:07,8,8,8,8,8,8,8
sncosmo_nestlc,https://github.com/rbiswas4/sncosmo_nestlc,2014-09-30 19:18:35,8,8,8,8,8,8,8
python-fsps,https://github.com/jonathansick/python-fsps,2014-06-16 23:01:35,8,8,8,8,8,8,8
teaching,https://github.com/adrn/teaching,2012-08-14 17:42:57,8,8,8,8,8,8,8
papers,https://github.com/adrn/papers,2014-04-30 16:17:07,8,8,8,8,8,8,8
wise_locus,https://github.com/jradavenport/wise_locus,2014-03-07 16:18:33,8,8,8,8,8,8,8
HumVI,https://github.com/drphilmarshall/HumVI,2012-05-17 03:50:51,7,7,7,7,7,7,7
SpectralArchetypes,https://github.com/davidwhogg/SpectralArchetypes,2012-04-05 15:27:04,7,7,7,7,7,7,7
Unclockify,https://github.com/adrn/Unclockify,2014-12-09 22:46:38,7,7,7,7,7,7,7
ArtProjects,https://github.com/davidwhogg/ArtProjects,2014-08-10 09:04:22,7,7,7,7,7,7,7
traumadata,https://github.com/jmankin/traumadata,2014-09-13 19:21:51,7,7,7,7,7,7,7
AstroData,https://github.com/drphilmarshall/AstroData,2014-09-19 14:06:43,7,7,7,7,7,7,7
george,https://github.com/dfm/george,2012-09-27 14:07:59,7,7,7,7,7,7,7
Coordinates-Frontend,https://github.com/adrn/Coordinates-Frontend,2014-12-09 17:31:32,7,7,7,7,7,7,7
SkyCoords.jl,https://github.com/kbarbary/SkyCoords.jl,2014-02-25 03:40:56,7,7,7,7,7,7,7
healpix.js,https://github.com/kapadia/healpix.js,2014-03-25 03:37:17,7,7,7,7,7,7,7
brief-ideas,https://github.com/openjournals/brief-ideas,2014-10-06 15:23:38,7,7,7,7,7,7,7
astropy-api,https://github.com/astropy/astropy-api,2012-08-19 13:20:35,7,7,7,7,7,7,7
SNClassification,https://github.com/sofiatti/SNClassification,2014-09-18 23:16:16,7,7,7,7,7,7,7
astropy,https://github.com/kbarbary/astropy,2011-10-21 01:53:51,7,7,7,7,7,7,7
xvistaprof,https://github.com/jonathansick/xvistaprof,2014-04-03 12:30:25,7,7,7,7,7,7,7
nbviewer,https://github.com/ipython/nbviewer,2012-08-05 11:42:33,6,6,6,6,6,6,6
day2,https://github.com/AstroHackWeek/day2,2014-08-14 06:02:54,6,6,6,6,6,6,6
coulomb-3body,https://github.com/fperez/coulomb-3body,2014-06-04 09:13:53,6,6,6,6,6,6,6
canque,https://github.com/jonathansick/canque,2014-07-06 04:09:02,6,6,6,6,6,6,6
AstroHackWeek,https://github.com/sofiatti/AstroHackWeek,2014-09-21 06:30:08,6,6,6,6,6,6,6
c3k,https://github.com/dfm/c3k,2014-10-20 19:04:00,6,6,6,6,6,6,6
triangle.py,https://github.com/dfm/triangle.py,2012-09-06 18:51:44,6,6,6,6,6,6,6
orderOverlap,https://github.com/gully/orderOverlap,2014-02-21 22:40:58,6,6,6,6,6,6,6
mystuff,https://github.com/nhuntwalker/mystuff,2013-10-07 17:48:37,6,6,6,6,6,6,6
blind-dating,https://github.com/adrn/blind-dating,2014-09-15 21:55:05,6,6,6,6,6,6,6
website,https://github.com/kbarbary/website,2014-02-09 08:05:18,6,6,6,6,6,6,6
JSAnimation,https://github.com/jakevdp/JSAnimation,2013-05-17 08:12:53,6,6,6,6,6,6,6
astrodata2014-julia,https://github.com/kbarbary/astrodata2014-julia,2014-09-14 22:30:23,6,6,6,6,6,6,6
MoAstro,https://github.com/jonathansick/MoAstro,2012-04-15 04:57:18,6,6,6,6,6,6,6
3d_print_the_universe,https://github.com/drphilmarshall/3d_print_the_universe,2014-10-06 14:15:27,6,6,6,6,6,6,6
bombcat,https://github.com/gully/bombcat,2014-03-24 21:58:31,6,6,6,6,6,6,6
bokeh,https://github.com/ContinuumIO/bokeh,2012-03-26 15:40:01,6,6,6,6,6,6,6
jupyterhub,https://github.com/jupyter/jupyterhub,2014-06-12 23:22:10,6,6,6,6,6,6,6
ML-timeseries-platform,https://github.com/profjsb/ML-timeseries-platform,2014-07-26 02:25:11,6,6,6,6,6,6,6
BlackHoleGP,https://github.com/RuthAngus/BlackHoleGP,2014-09-16 00:51:28,6,6,6,6,6,6,6
jonathansick.ca,https://github.com/jonathansick/jonathansick.ca,2012-07-03 01:45:35,6,6,6,6,6,6,6
gully.github.io,https://github.com/gully/gully.github.io,2014-04-22 04:57:12,6,6,6,6,6,6,6
ruthangus.github.io,https://github.com/RuthAngus/ruthangus.github.io,2013-09-22 22:17:24,6,6,6,6,6,6,6
RadioTrip,https://github.com/jradavenport/RadioTrip,2014-11-18 23:16:22,6,6,6,6,6,6,6
misc_ipy,https://github.com/bareid/misc_ipy,2014-09-24 14:42:38,6,6,6,6,6,6,6
exoplanet-research,https://github.com/so-hattori/exoplanet-research,2014-06-09 18:01:39,6,6,6,6,6,6,6
TimeIt.jl,https://github.com/kbarbary/TimeIt.jl,2014-02-09 06:18:16,6,6,6,6,6,6,6
HIGHRESOLUTIONIMAGING,https://github.com/tommasotreu/HIGHRESOLUTIONIMAGING,2014-08-12 20:37:03,6,6,6,6,6,6,6
dotfiles,https://github.com/adrn/dotfiles,2013-02-13 17:49:19,6,6,6,6,6,6,6
HoneyComb,https://github.com/davidwhogg/HoneyComb,2014-11-23 04:44:25,6,6,6,6,6,6,6
joblib,https://github.com/joblib/joblib,2010-05-07 06:48:26,5,5,5,5,5,5,5
PMLC-2014,https://github.com/jakevdp/PMLC-2014,2014-10-23 14:38:33,5,5,5,5,5,5,5
astroml.github.com,https://github.com/astroML/astroml.github.com,2012-09-19 12:55:23,5,5,5,5,5,5,5
magphysio,https://github.com/jonathansick/magphysio,2014-12-18 03:21:39,5,5,5,5,5,5,5
m31hst,https://github.com/jonathansick/m31hst,2013-12-14 20:15:03,5,5,5,5,5,5,5
astrobites,https://github.com/RuthAngus/astrobites,2014-07-01 14:52:38,5,5,5,5,5,5,5
narrative,https://github.com/kbase/narrative,2014-06-12 14:06:05,5,5,5,5,5,5,5
iminuit,https://github.com/iminuit/iminuit,2012-12-18 18:45:17,5,5,5,5,5,5,5
hotraster,https://github.com/adrn/hotraster,2014-11-15 21:54:12,5,5,5,5,5,5,5
matplotlib,https://github.com/jakevdp/matplotlib,2011-05-25 21:43:29,5,5,5,5,5,5,5
MagnetarQPOSearchPaper,https://github.com/dhuppenkothen/MagnetarQPOSearchPaper,2014-09-26 15:53:35,5,5,5,5,5,5,5
docker-notebook,https://github.com/ipython/docker-notebook,2014-07-24 18:26:56,5,5,5,5,5,5,5
Stripe82QPOs,https://github.com/adamlrlevine/Stripe82QPOs,2014-10-09 02:47:10,5,5,5,5,5,5,5
TLDW,https://github.com/gully/TLDW,2014-10-19 05:50:43,5,5,5,5,5,5,5
flare-grid,https://github.com/jradavenport/flare-grid,2014-11-12 18:45:11,5,5,5,5,5,5,5
OpenSourceSkySurvey,https://github.com/davidwhogg/OpenSourceSkySurvey,2014-12-08 23:18:24,5,5,5,5,5,5,5
fitsjs,https://github.com/astrojs/fitsjs,2012-05-22 06:07:12,5,5,5,5,5,5,5
butterfly,https://github.com/jradavenport/butterfly,2014-05-31 07:02:34,5,5,5,5,5,5,5
TheHammer,https://github.com/BrownDwarf/TheHammer,2014-11-07 20:23:51,5,5,5,5,5,5,5
allZeLenses,https://github.com/astrosonnen/allZeLenses,2014-02-14 23:30:16,5,5,5,5,5,5,5
X-Ray-Time-Series,https://github.com/Waelthus/X-Ray-Time-Series,2014-09-15 21:40:51,5,5,5,5,5,5,5
datarecipes,https://github.com/RuthAngus/datarecipes,2014-02-01 13:34:07,5,5,5,5,5,5,5
VoxCharta,https://github.com/gully/VoxCharta,2014-12-17 17:10:10,5,5,5,5,5,5,5
kpm,https://github.com/RuthAngus/kpm,2014-12-10 02:19:53,5,5,5,5,5,5,5
astropy,https://github.com/eteq/astropy,2011-07-25 21:02:57,5,5,5,5,5,5,5
website_source,https://github.com/gully/website_source,2014-09-26 02:47:41,5,5,5,5,5,5,5
pycon2014-keynote,https://github.com/fperez/pycon2014-keynote,2014-04-21 06:13:24,5,5,5,5,5,5,5
vis-a-vis,https://github.com/jradavenport/vis-a-vis,2014-11-28 17:27:54,5,5,5,5,5,5,5
HellesST,https://github.com/davidwhogg/HellesST,2014-08-08 17:13:55,5,5,5,5,5,5,5
DustExtinction.jl,https://github.com/kbarbary/DustExtinction.jl,2014-02-12 06:27:23,5,5,5,5,5,5,5
plots,https://github.com/ogtelford/plots,2014-08-08 18:57:23,5,5,5,5,5,5,5
software-wg,https://github.com/BIDS/software-wg,2014-10-15 19:18:45,5,5,5,5,5,5,5
sofiatti.github.io,https://github.com/sofiatti/sofiatti.github.io,2014-10-10 20:50:50,5,5,5,5,5,5,5
HETDEXtoy,https://github.com/gully/HETDEXtoy,2014-09-15 22:41:49,5,5,5,5,5,5,5
swl-page,https://github.com/RafiKueng/swl-page,2013-04-10 11:30:01,5,5,5,5,5,5,5
FITSIO.jl,https://github.com/nolta/FITSIO.jl,2012-12-09 01:11:59,5,5,5,5,5,5,5
ophiuchus,https://github.com/adrn/ophiuchus,2014-10-30 11:06:23,5,5,5,5,5,5,5
Grid.jl,https://github.com/timholy/Grid.jl,2012-12-15 16:33:51,5,5,5,5,5,5,5
uw-6.github.io,https://github.com/jakevdp/uw-6.github.io,2014-11-16 22:31:06,5,5,5,5,5,5,5
sims_maf_viz,https://github.com/LSST-nonproject/sims_maf_viz,2014-10-09 15:11:19,5,5,5,5,5,5,5
BallPeenHammer,https://github.com/davidwhogg/BallPeenHammer,2012-10-06 20:55:18,5,5,5,5,5,5,5
zenodo,https://github.com/zenodo/zenodo,2013-02-11 09:34:27,5,5,5,5,5,5,5
100DaysOfResearch,https://github.com/sofiatti/100DaysOfResearch,2014-10-09 17:25:44,5,5,5,5,5,5,5
Twinkles,https://github.com/DarkEnergyScienceCollaboration/Twinkles,2014-10-22 18:58:04,4,4,4,4,4,4,4
matplotlylib,https://github.com/mpld3/matplotlylib,2014-03-08 14:27:28,4,4,4,4,4,4,4
docker-at-oreilly,https://github.com/odewahn/docker-at-oreilly,2014-07-29 16:41:38,4,4,4,4,4,4,4
photutils,https://github.com/kbarbary/photutils,2012-03-13 21:51:31,4,4,4,4,4,4,4
centerer,https://github.com/mjvakili/centerer,2014-08-18 19:58:24,4,4,4,4,4,4,4
teaching,https://github.com/nhuntwalker/teaching,2014-06-04 02:19:54,4,4,4,4,4,4,4
dessn-analysis,https://github.com/kbarbary/dessn-analysis,2014-03-03 17:19:16,4,4,4,4,4,4,4
kipac-teabot,https://github.com/yymao/kipac-teabot,2014-05-22 17:38:51,4,4,4,4,4,4,4
collabeat,https://github.com/RuthAngus/collabeat,2014-12-10 03:02:10,4,4,4,4,4,4,4
BayesPSD,https://github.com/dhuppenkothen/BayesPSD,2014-09-15 16:28:37,4,4,4,4,4,4,4
random-forest-timeseries,https://github.com/jradavenport/random-forest-timeseries,2014-09-19 00:51:49,4,4,4,4,4,4,4
cosmoxi2d,https://github.com/bareid/cosmoxi2d,2014-10-30 12:42:07,4,4,4,4,4,4,4
jupyter.github.io,https://github.com/jupyter/jupyter.github.io,2014-07-07 21:25:38,4,4,4,4,4,4,4
sunrise,https://github.com/jradavenport/sunrise,2014-05-12 11:00:00,4,4,4,4,4,4,4
RaspPiHBalmer,https://github.com/gully/RaspPiHBalmer,2014-01-09 20:36:55,4,4,4,4,4,4,4
julia-astro,https://github.com/kbarbary/julia-astro,2014-02-23 16:55:12,4,4,4,4,4,4,4
test,https://github.com/Waelthus/test,2014-08-28 15:03:24,4,4,4,4,4,4,4
incubator,https://github.com/uwescience/incubator,2013-11-27 18:37:06,4,4,4,4,4,4,4
PoissonFittingTutorial,https://github.com/dhuppenkothen/PoissonFittingTutorial,2014-10-24 10:52:26,4,4,4,4,4,4,4
GaiaChallenge,https://github.com/adrn/GaiaChallenge,2014-11-11 19:25:01,4,4,4,4,4,4,4
ZIGZAG,https://github.com/gully/ZIGZAG,2014-01-17 16:17:39,4,4,4,4,4,4,4
synthsb,https://github.com/jonathansick/synthsb,2014-04-24 19:39:36,4,4,4,4,4,4,4
sncosmo,https://github.com/sofiatti/sncosmo,2014-09-19 03:56:29,4,4,4,4,4,4,4
imaging_systematics,https://github.com/dorislee0309/imaging_systematics,2014-07-01 13:44:34,4,4,4,4,4,4,4
WCSLIB.jl,https://github.com/JuliaAstro/WCSLIB.jl,2014-03-06 20:27:59,4,4,4,4,4,4,4
sofiatti.github.io,https://github.com/sofiatti/sofiatti.github.io,2014-10-02 01:21:52,4,4,4,4,4,4,4
TheHammer,https://github.com/adleorocks/TheHammer,2014-11-14 03:29:14,4,4,4,4,4,4,4
scriptutils,https://github.com/drphilmarshall/scriptutils,2012-05-26 00:10:34,4,4,4,4,4,4,4
MathJax,https://github.com/mathjax/MathJax,2010-08-19 03:28:53,4,4,4,4,4,4,4
shim,https://github.com/Paradigm4/shim,2013-02-15 21:56:52,4,4,4,4,4,4,4
TimeBombs,https://github.com/eggplantbren/TimeBombs,2014-04-18 23:50:40,4,4,4,4,4,4,4
ContributedMetrics,https://github.com/yoachim/ContributedMetrics,2014-08-14 16:29:19,4,4,4,4,4,4,4
STSP,https://github.com/lesliehebb/STSP,2014-06-30 18:58:08,4,4,4,4,4,4,4
METADATA.jl,https://github.com/kbarbary/METADATA.jl,2014-06-18 18:53:25,4,4,4,4,4,4,4
idl_good_map,https://github.com/jradavenport/idl_good_map,2014-10-29 17:00:15,4,4,4,4,4,4,4
astroquery,https://github.com/adrn/astroquery,2014-04-29 18:28:35,4,4,4,4,4,4,4
dotfiles,https://github.com/gully/dotfiles,2014-09-29 16:16:01,4,4,4,4,4,4,4
arxiv-poet,https://github.com/dfm/arxiv-poet,2014-01-26 12:41:52,4,4,4,4,4,4,4
pelican-octopress-theme,https://github.com/jakevdp/pelican-octopress-theme,2013-04-28 16:03:28,4,4,4,4,4,4,4
foo,https://github.com/jmankin/foo,2014-07-24 22:50:05,4,4,4,4,4,4,4
NestedSampling.jl,https://github.com/kbarbary/NestedSampling.jl,2014-12-16 02:58:59,4,4,4,4,4,4,4
image-compare,https://github.com/fperez/image-compare,2014-05-02 00:58:10,4,4,4,4,4,4,4
skynet,https://github.com/garibaldu/skynet,2013-12-19 14:37:44,3,3,3,3,3,3,3
sofiatti.github.io,https://github.com/sofiatti/sofiatti.github.io,2014-10-09 16:05:00,3,3,3,3,3,3,3
sofiatti.github.io,https://github.com/sofiatti/sofiatti.github.io,2014-10-02 00:54:05,3,3,3,3,3,3,3
sofiatti.github.io,https://github.com/sofiatti/sofiatti.github.io,2014-10-09 20:44:03,3,3,3,3,3,3,3
fat-pride,https://github.com/adrn/fat-pride,2014-06-29 18:36:46,3,3,3,3,3,3,3
sofiatti.github.io,https://github.com/sofiatti/sofiatti.github.io,2014-10-02 02:03:50,3,3,3,3,3,3,3
python-seminar,https://github.com/profjsb/python-seminar,2012-08-23 03:30:01,3,3,3,3,3,3,3
fm_map,https://github.com/jradavenport/fm_map,2014-10-01 23:08:38,3,3,3,3,3,3,3
RIZzo,https://github.com/gully/RIZzo,2014-08-26 02:01:24,3,3,3,3,3,3,3
pyxmeans,https://github.com/mynameisfiber/pyxmeans,2013-08-27 18:28:05,3,3,3,3,3,3,3
talk-1312-nips,https://github.com/fperez/talk-1312-nips,2014-01-05 02:27:45,3,3,3,3,3,3,3
SNEPlots,https://github.com/jakevdp/SNEPlots,2014-02-21 21:01:16,3,3,3,3,3,3,3
surveymetrics,https://github.com/DarkEnergyScienceCollaboration/surveymetrics,2014-06-09 18:07:15,3,3,3,3,3,3,3
soma,https://github.com/dschimin/soma,2014-09-06 20:21:36,3,3,3,3,3,3,3
PythonLectures,https://github.com/jakevdp/PythonLectures,2014-07-14 21:04:24,3,3,3,3,3,3,3
ipython,https://github.com/adrn/ipython,2014-04-02 22:07:46,3,3,3,3,3,3,3
ExtragalacticScienceRoadmap,https://github.com/LSSTScienceCollaborations/ExtragalacticScienceRoadmap,2014-10-21 06:33:11,3,3,3,3,3,3,3
ipython-d3,https://github.com/jdfreder/ipython-d3,2014-02-11 23:44:46,3,3,3,3,3,3,3
ipython-notebooks,https://github.com/adrn/ipython-notebooks,2012-11-06 02:21:27,3,3,3,3,3,3,3
idl_animation,https://github.com/jradavenport/idl_animation,2014-07-23 05:33:53,3,3,3,3,3,3,3
ipython.github.com,https://github.com/ipython/ipython.github.com,2011-06-08 21:53:40,3,3,3,3,3,3,3
jekyll-picture-tag,https://github.com/robwierzbowski/jekyll-picture-tag,2013-06-24 21:56:19,3,3,3,3,3,3,3
dynamics,https://github.com/adrn/dynamics,2014-02-06 01:33:52,3,3,3,3,3,3,3
scipy,https://github.com/jakevdp/scipy,2011-05-14 14:35:20,3,3,3,3,3,3,3
ischrones,https://github.com/RuthAngus/ischrones,2014-07-18 09:55:37,3,3,3,3,3,3,3
scipy-conference,https://github.com/scipy-conference/scipy-conference,2012-11-28 19:15:10,3,3,3,3,3,3,3
DataScience,https://github.com/brittafiore/DataScience,2014-09-19 20:54:24,3,3,3,3,3,3,3
soma,https://github.com/jakevdp/soma,2014-10-14 14:50:16,3,3,3,3,3,3,3
RandomForestEB,https://github.com/RuthAngus/RandomForestEB,2014-10-29 15:26:25,3,3,3,3,3,3,3
LensToy,https://github.com/slowe/LensToy,2012-07-02 10:23:01,3,3,3,3,3,3,3
HackTX,https://github.com/OttoStruve/HackTX,2014-09-05 11:42:13,3,3,3,3,3,3,3
msdse.github.io,https://github.com/msdse/msdse.github.io,2014-10-11 06:49:07,3,3,3,3,3,3,3
astropy.github.com,https://github.com/astropy/astropy.github.com,2011-07-21 01:34:24,3,3,3,3,3,3,3
PS,https://github.com/miguelfmorales/PS,2013-01-11 20:14:25,3,3,3,3,3,3,3
colormag_sncosmo,https://github.com/sofiatti/colormag_sncosmo,2014-09-19 22:35:41,3,3,3,3,3,3,3
myria,https://github.com/uwescience/myria,2012-08-30 08:27:36,3,3,3,3,3,3,3
my_site,https://github.com/sofiatti/my_site,2014-10-13 02:51:38,3,3,3,3,3,3,3
astrorec,https://github.com/freelanceastro/astrorec,2014-12-10 03:31:54,3,3,3,3,3,3,3
pal5challenge,https://github.com/ahwkuepper/pal5challenge,2014-10-29 14:33:24,3,3,3,3,3,3,3
pyCRFsuite,https://github.com/jakevdp/pyCRFsuite,2011-10-15 12:05:22,3,3,3,3,3,3,3
2mass_paper,https://github.com/jradavenport/2mass_paper,2013-01-03 19:36:52,3,3,3,3,3,3,3
pandas,https://github.com/jakevdp/pandas,2014-12-04 21:54:27,3,3,3,3,3,3,3
visualizations,https://github.com/adrn/visualizations,2012-10-11 20:26:50,3,3,3,3,3,3,3
peps,https://github.com/dstufft/peps,2013-08-04 20:37:55,3,3,3,3,3,3,3
mpld3,https://github.com/jgbos/mpld3,2014-03-25 01:09:04,3,3,3,3,3,3,3
Ideas-for-Citizen-Science-in-Astronomy,https://github.com/ewanmellor/Ideas-for-Citizen-Science-in-Astronomy,2014-10-04 21:10:10,3,3,3,3,3,3,3
aastex_boilerplate,https://github.com/jonathansick/aastex_boilerplate,2013-08-30 05:52:33,3,3,3,3,3,3,3
vincent,https://github.com/wrobstory/vincent,2013-04-11 02:44:53,3,3,3,3,3,3,3
2013_fall_ASTR599,https://github.com/jakevdp/2013_fall_ASTR599,2013-07-29 18:52:56,3,3,3,3,3,3,3
MCMAC,https://github.com/MCTwo/MCMAC,2013-03-22 16:48:02,3,3,3,3,3,3,3
noisyLS,https://github.com/jakevdp/noisyLS,2014-09-15 22:14:54,3,3,3,3,3,3,3
yobot3k,https://github.com/dfm/yobot3k,2014-12-10 14:04:36,3,3,3,3,3,3,3
kpsf,https://github.com/dfm/kpsf,2013-08-21 17:13:04,3,3,3,3,3,3,3
networkx,https://github.com/networkx/networkx,2010-09-06 00:53:44,3,3,3,3,3,3,3
kois,https://github.com/dfm/kois,2013-11-22 23:27:13,3,3,3,3,3,3,3
Lens-Zoo,https://github.com/drphilmarshall/Lens-Zoo,2013-03-31 18:05:36,3,3,3,3,3,3,3
daft,https://github.com/dfm/daft,2012-09-21 16:10:12,3,3,3,3,3,3,3
Probabilistic-Programming-and-Bayesian-Methods-for-Hackers,https://github.com/CamDavidsonPilon/Probabilistic-Programming-and-Bayesian-Methods-for-Hackers,2013-01-14 15:46:28,3,3,3,3,3,3,3
Practicum,https://github.com/davidwhogg/Practicum,2014-08-27 21:54:55,3,3,3,3,3,3,3
dotfiles,https://github.com/mathiasbynens/dotfiles,2011-09-05 18:07:54,2,2,2,2,2,2,2
sofiatti.github.io,https://github.com/sofiatti/sofiatti.github.io,2014-10-10 18:27:32,2,2,2,2,2,2,2
TrainingWheels,https://github.com/DarkEnergyScienceCollaboration/TrainingWheels,2014-10-24 21:04:51,2,2,2,2,2,2,2
CfAML,https://github.com/iancze/CfAML,2014-10-02 05:37:03,2,2,2,2,2,2,2
astroimg,https://github.com/kapadia/astroimg,2012-12-02 21:34:11,2,2,2,2,2,2,2
awesome-public-datasets,https://github.com/caesar0301/awesome-public-datasets,2014-11-20 06:20:50,2,2,2,2,2,2,2
far-out,https://github.com/RuthAngus/far-out,2014-03-20 20:59:52,2,2,2,2,2,2,2
Test,https://github.com/jmankin/Test,2014-07-08 15:19:54,2,2,2,2,2,2,2
faceball,https://github.com/jradavenport/faceball,2014-11-11 20:45:18,2,2,2,2,2,2,2
astrometry.net,https://github.com/dstndstn/astrometry.net,2014-06-20 22:21:26,2,2,2,2,2,2,2
yahapj,https://github.com/pkgw/yahapj,2011-12-01 07:34:15,2,2,2,2,2,2,2
sofiatti.github.io,https://github.com/sofiatti/sofiatti.github.io,2014-10-09 20:36:05,2,2,2,2,2,2,2
CasaCore.jl,https://github.com/mweastwood/CasaCore.jl,2014-12-05 03:47:28,2,2,2,2,2,2,2
astropy-helpers,https://github.com/astropy/astropy-helpers,2013-11-16 15:01:42,2,2,2,2,2,2,2
exoplanet-research,https://github.com/davidwhogg/exoplanet-research,2014-10-21 02:19:21,2,2,2,2,2,2,2
xi,https://github.com/BIDS/xi,2014-09-15 23:15:36,2,2,2,2,2,2,2
visclaw,https://github.com/clawpack/visclaw,2011-04-17 00:28:16,2,2,2,2,2,2,2
sofiatti.github.io,https://github.com/sofiatti/sofiatti.github.io,2014-10-09 17:15:16,2,2,2,2,2,2,2
webtex,https://github.com/pkgw/webtex,2014-12-04 02:15:39,2,2,2,2,2,2,2
tardis_luminosity,https://github.com/sofiatti/tardis_luminosity,2014-09-23 21:41:13,2,2,2,2,2,2,2
arxiv-alerts,https://github.com/RuthAngus/arxiv-alerts,2014-02-03 23:13:30,2,2,2,2,2,2,2
asteroseismology,https://github.com/RuthAngus/asteroseismology,2014-07-29 13:26:00,2,2,2,2,2,2,2
valstats,https://github.com/ryanmaas/valstats,2014-11-21 18:22:11,2,2,2,2,2,2,2
test,https://github.com/jmankin/test,2014-09-15 23:23:11,2,2,2,2,2,2,2
abstract_rendering,https://github.com/ContinuumIO/abstract_rendering,2014-07-15 19:18:49,2,2,2,2,2,2,2
test,https://github.com/jakevdp/test,2014-09-23 17:27:01,2,2,2,2,2,2,2
aas,https://github.com/dfm/aas,2014-01-09 17:57:37,2,2,2,2,2,2,2
test,https://github.com/fperez/test,2014-09-15 23:25:44,2,2,2,2,2,2,2
Bananas,https://github.com/karenyyng/Bananas,2014-09-19 16:40:49,2,2,2,2,2,2,2
crushinator,https://github.com/davidwhogg/crushinator,2013-09-27 00:35:42,2,2,2,2,2,2,2
day3,https://github.com/AstroHackWeek/day3,2014-08-14 06:03:24,2,2,2,2,2,2,2
cubehelix_hex,https://github.com/jradavenport/cubehelix_hex,2013-08-12 05:57:47,2,2,2,2,2,2,2
talk-microsoft-python-2014,https://github.com/fperez/talk-microsoft-python-2014,2014-09-22 06:16:56,2,2,2,2,2,2,2
tess,https://github.com/jonathansick/tess,2012-08-16 03:08:42,2,2,2,2,2,2,2
talk-nips-2013,https://github.com/fperez/talk-nips-2013,2014-01-05 02:27:45,2,2,2,2,2,2,2
d3,https://github.com/jakevdp/d3,2014-03-16 17:40:25,2,2,2,2,2,2,2
WCS.jl,https://github.com/kbarbary/WCS.jl,2014-02-28 04:30:20,2,2,2,2,2,2,2
gensim,https://github.com/gully/gensim,2014-10-09 20:14:04,2,2,2,2,2,2,2
stsci_sphere,https://github.com/jonathansick/stsci_sphere,2014-05-16 02:10:51,2,2,2,2,2,2,2
test,https://github.com/wilmatrick/test,2014-09-15 23:26:22,2,2,2,2,2,2,2
tilelive-s3,https://github.com/mapbox/tilelive-s3,2012-03-13 16:55:00,2,2,2,2,2,2,2
turnstile,https://github.com/dfm/turnstile,2013-01-23 21:03:00,2,2,2,2,2,2,2
twinkles,https://github.com/DarkEnergyScienceCollaboration/twinkles,2014-10-22 18:58:04,2,2,2,2,2,2,2
data,https://github.com/fivethirtyeight/data,2014-03-17 13:49:17,2,2,2,2,2,2,2
CMB,https://github.com/davidwhogg/CMB,2014-07-05 12:04:20,2,2,2,2,2,2,2
aplpy,https://github.com/aplpy/aplpy,2011-01-04 15:20:56,2,2,2,2,2,2,2
dojo_rules,https://github.com/deadlyvipers/dojo_rules,2014-06-02 17:42:50,2,2,2,2,2,2,2
twainbot,https://github.com/jradavenport/twainbot,2013-12-13 01:49:06,2,2,2,2,2,2,2
docker_dev,https://github.com/rbiswas4/docker_dev,2014-12-26 00:25:05,2,2,2,2,2,2,2
stats-tutorials,https://github.com/AstroBetter/stats-tutorials,2014-12-09 19:33:25,2,2,2,2,2,2,2
AstroHackWeek,https://github.com/sofiatti/AstroHackWeek,2014-09-21 05:59:48,2,2,2,2,2,2,2
AstroHackWeek,https://github.com/sofiatti/AstroHackWeek,2014-09-21 06:21:00,2,2,2,2,2,2,2
anaconda-issues,https://github.com/ContinuumIO/anaconda-issues,2013-07-25 16:33:26,2,2,2,2,2,2,2
docker-at-oreilly,https://github.com/fperez/docker-at-oreilly,2014-07-31 18:11:10,2,2,2,2,2,2,2
dfm.github.com,https://github.com/dfm/dfm.github.com,2011-03-24 18:51:59,2,2,2,2,2,2,2
tip4commit,https://github.com/tip4commit/tip4commit,2014-01-14 10:26:24,2,2,2,2,2,2,2
Astropy-WebAPI,https://github.com/adrn/Astropy-WebAPI,2014-12-09 17:31:32,2,2,2,2,2,2,2
zenodo-test-repo,https://github.com/kapadia/zenodo-test-repo,2014-02-11 16:19:29,2,2,2,2,2,2,2
gensim,https://github.com/piskvorky/gensim,2011-02-10 07:43:04,2,2,2,2,2,2,2
RXTEAnalysis,https://github.com/dhuppenkothen/RXTEAnalysis,2014-09-26 15:34:58,2,2,2,2,2,2,2
pymc,https://github.com/pymc-devs/pymc,2009-05-05 09:43:50,2,2,2,2,2,2,2
Notebooks,https://github.com/ivezic/Notebooks,2014-12-16 19:52:39,2,2,2,2,2,2,2
PythonPractice,https://github.com/ogtelford/PythonPractice,2014-08-08 16:40:13,2,2,2,2,2,2,2
IPython-notebook-extensions,https://github.com/ipython-contrib/IPython-notebook-extensions,2013-07-13 17:05:16,2,2,2,2,2,2,2
IRkernel,https://github.com/fperez/IRkernel,2014-04-05 01:32:49,2,2,2,2,2,2,2
FirstRepository,https://github.com/jmankin/FirstRepository,2014-07-08 03:15:49,2,2,2,2,2,2,2
patti.github.io,https://github.com/patti/patti.github.io,2014-09-26 20:07:05,2,2,2,2,2,2,2
qsoals_web,https://github.com/yalsayyad/qsoals_web,2014-05-05 17:07:52,2,2,2,2,2,2,2
SNClassification,https://github.com/ogtelford/SNClassification,2014-09-18 23:27:13,2,2,2,2,2,2,2
SDSS-L-dwarf-templates,https://github.com/adleorocks/SDSS-L-dwarf-templates,2014-11-25 22:20:46,2,2,2,2,2,2,2
SDSS-templates,https://github.com/jbochanski/SDSS-templates,2014-11-14 14:57:47,2,2,2,2,2,2,2
reproducibility-wg,https://github.com/BIDS/reproducibility-wg,2014-08-26 01:37:26,2,2,2,2,2,2,2
ipython-rkernel,https://github.com/fperez/ipython-rkernel,2014-02-19 23:49:03,2,2,2,2,2,2,2
reprosw,https://github.com/fperez/reprosw,2013-01-19 14:55:49,2,2,2,2,2,2,2
mpld3,https://github.com/mpld3/mpld3,2014-02-05 17:51:26,2,2,2,2,2,2,2
ipython-components,https://github.com/ipython/ipython-components,2013-05-01 18:09:21,2,2,2,2,2,2,2
kbmod,https://github.com/uwescience/kbmod,2014-09-30 17:36:07,2,2,2,2,2,2,2
kellepro,https://github.com/BrownDwarf/kellepro,2014-12-08 22:59:03,2,2,2,2,2,2,2
kellepro,https://github.com/kelle/kellepro,2014-12-06 21:37:30,2,2,2,2,2,2,2
kepler186,https://github.com/jradavenport/kepler186,2014-04-23 23:21:33,2,2,2,2,2,2,2
marking-surface,https://github.com/brian-c/marking-surface,2013-01-14 21:35:50,2,2,2,2,2,2,2
planes,https://github.com/adrn/planes,2014-07-23 19:20:32,2,2,2,2,2,2,2
Photometry.jl,https://github.com/kbarbary/Photometry.jl,2014-03-08 21:53:15,2,2,2,2,2,2,2
photometry_sample,https://github.com/rhiannonlynne/photometry_sample,2012-06-21 08:51:47,2,2,2,2,2,2,2
OpsimObs,https://github.com/rhiannonlynne/OpsimObs,2012-10-11 07:39:40,2,2,2,2,2,2,2
project1,https://github.com/jmankin/project1,2014-08-28 23:08:19,2,2,2,2,2,2,2
mcmc,https://github.com/dfm/mcmc,2012-12-06 18:44:17,2,2,2,2,2,2,2
Plots,https://github.com/ogtelford/Plots,2014-08-08 18:43:08,2,2,2,2,2,2,2
mercantile,https://github.com/mapbox/mercantile,2014-02-12 23:04:35,2,2,2,2,2,2,2
IDLAstro,https://github.com/wlandsman/IDLAstro,2014-04-15 18:29:21,2,2,2,2,2,2,2
Gaia-zero-day-exploit,https://github.com/adrn/Gaia-zero-day-exploit,2014-09-19 17:02:20,2,2,2,2,2,2,2
koi3278,https://github.com/ethankruse/koi3278,2014-03-14 20:06:27,2,2,2,2,2,2,2
pyjulia,https://github.com/jakebolewski/pyjulia,2013-11-21 03:40:38,2,2,2,2,2,2,2
PyMultiNest,https://github.com/JohannesBuchner/PyMultiNest,2011-09-26 14:48:34,2,2,2,2,2,2,2
mglib,https://github.com/mgalloy/mglib,2012-10-03 20:44:22,2,2,2,2,2,2,2
ipython,https://github.com/fperez/ipython,2010-05-10 09:48:41,2,2,2,2,2,2,2
rasterio,https://github.com/kapadia/rasterio,2014-07-02 00:27:58,2,2,2,2,2,2,2
richcitationparsing,https://github.com/jonathansick/richcitationparsing,2014-12-10 03:45:44,2,2,2,2,2,2,2
DeepFieldArbitraryCadenceGenerator,https://github.com/rbiswas4/DeepFieldArbitraryCadenceGenerator,2013-10-01 14:55:30,2,2,2,2,2,2,2
scripts,https://github.com/nhuntwalker/scripts,2014-05-28 21:20:34,2,2,2,2,2,2,2
secure,https://github.com/dharmit/secure,2014-03-21 15:45:21,2,2,2,2,2,2,2
mygithubpage,https://github.com/gully/mygithubpage,2014-10-11 23:39:35,2,2,2,2,2,2,2
sep-test,https://github.com/kbarbary/sep-test,2014-07-03 01:35:23,2,2,2,2,2,2,2
s2js,https://github.com/kapadia/s2js,2014-05-12 17:12:13,2,2,2,2,2,2,2
CrossValidation,https://github.com/davidwhogg/CrossValidation,2012-10-30 18:48:30,2,2,2,2,2,2,2
github-cheat-sheet,https://github.com/tiimgreen/github-cheat-sheet,2014-04-12 16:38:42,2,2,2,2,2,2,2
nikutta_etal_paper2,https://github.com/nhuntwalker/nikutta_etal_paper2,2014-12-17 21:32:21,2,2,2,2,2,2,2
Someday,https://github.com/jmankin/Someday,2014-07-08 13:53:24,2,2,2,2,2,2,2
KeplerMusic,https://github.com/RuthAngus/KeplerMusic,2014-12-08 21:46:00,2,2,2,2,2,2,2
gh-publisher,https://github.com/ewanmellor/gh-publisher,2014-10-11 16:51:59,2,2,2,2,2,2,2
MDMRedux,https://github.com/adrn/MDMRedux,2014-09-22 14:22:56,2,2,2,2,2,2,2
skysubpub,https://github.com/jonathansick/skysubpub,2012-06-06 21:25:16,2,2,2,2,2,2,2
StellarSpectroscopy,https://github.com/davidwhogg/StellarSpectroscopy,2014-03-05 15:54:18,2,2,2,2,2,2,2
StellarSpectroscopy,https://github.com/davidwhogg/StellarSpectroscopy,2014-03-07 13:52:15,2,2,2,2,2,2,2
my_website,https://github.com/sofiatti/my_website,2014-10-09 20:45:55,2,2,2,2,2,2,2
marking-surface,https://github.com/kapadia/marking-surface,2014-05-17 23:19:09,2,2,2,2,2,2,2
healpy,https://github.com/rhiannonlynne/healpy,2014-09-25 18:30:17,2,2,2,2,2,2,2
hip_hop,https://github.com/nhuntwalker/hip_hop,2014-10-16 01:02:55,2,2,2,2,2,2,2
DustExtinction.jl,https://github.com/kbarbary/DustExtinction.jl,2014-10-27 18:03:13,2,2,2,2,2,2,2
mpld3_talks,https://github.com/mpld3/mpld3_talks,2014-04-12 22:45:08,2,2,2,2,2,2,2
paper2_work,https://github.com/nhuntwalker/paper2_work,2014-12-17 22:15:27,2,2,2,2,2,2,2
DustExtinction.jl,https://github.com/JuliaAstro/DustExtinction.jl,2014-02-12 06:27:23,2,2,2,2,2,2,2
SciAmBlogPost,https://github.com/drphilmarshall/SciAmBlogPost,2014-09-19 17:12:13,2,2,2,2,2,2,2
hellesst,https://github.com/davidwhogg/hellesst,2014-08-08 17:13:55,2,2,2,2,2,2,2
OverFeat,https://github.com/MichaelMathieu/OverFeat,2014-01-24 00:59:38,1,1,1,1,1,1,1
AstroHackWeek_day2,https://github.com/AstroHackWeek/AstroHackWeek_day2,2014-08-13 22:42:48,1,1,1,1,1,1,1
4sq,https://github.com/dfm/4sq,2013-01-24 02:12:11,1,1,1,1,1,1,1
KeplerPixelModel,https://github.com/jvc2688/KeplerPixelModel,2014-06-11 17:30:14,1,1,1,1,1,1,1
LS_COLORS,https://github.com/trapd00r/LS_COLORS,2011-04-09 17:14:05,1,1,1,1,1,1,1
How-You-See,https://github.com/ptterb/How-You-See,2013-04-11 22:00:14,1,1,1,1,1,1,1
AstroHackWeek_day1,https://github.com/AstroHackWeek/AstroHackWeek_day1,2014-08-13 22:42:03,1,1,1,1,1,1,1
LRG_redshifts,https://github.com/jakevdp/LRG_redshifts,2013-03-07 21:42:44,1,1,1,1,1,1,1
Hover,https://github.com/IanLunn/Hover,2014-01-02 14:27:35,1,1,1,1,1,1,1
AstroHackWeek_day3,https://github.com/AstroHackWeek/AstroHackWeek_day3,2014-08-13 22:43:19,1,1,1,1,1,1,1
2014summit_planning,https://github.com/msdse/2014summit_planning,2014-10-08 16:37:17,1,1,1,1,1,1,1
OpsimObs,https://github.com/rbiswas4/OpsimObs,2014-12-14 07:14:32,1,1,1,1,1,1,1
angular-foundation,https://github.com/madmimi/angular-foundation,2014-01-16 01:56:15,1,1,1,1,1,1,1
KaTeX,https://github.com/Khan/KaTeX,2013-07-05 09:01:54,1,1,1,1,1,1,1
angular-ui-foundation,https://github.com/mhayes/angular-ui-foundation,2013-04-12 03:32:58,1,1,1,1,1,1,1
Imfit,https://github.com/streeto/Imfit,2013-09-11 16:51:03,1,1,1,1,1,1,1
Ipython_Notebooks,https://github.com/kgullikson88/Ipython_Notebooks,2014-12-11 10:45:43,1,1,1,1,1,1,1
astroMLfigs,https://github.com/Waelthus/astroMLfigs,2014-09-19 22:03:12,1,1,1,1,1,1,1
IJulia.jl,https://github.com/jakevdp/IJulia.jl,2013-08-05 20:47:40,1,1,1,1,1,1,1
astroMLfigs,https://github.com/bareid/astroMLfigs,2014-09-21 04:33:58,1,1,1,1,1,1,1
Issues,https://github.com/SublimeText/Issues,2013-04-22 12:22:31,1,1,1,1,1,1,1
MartinThoma.github.io,https://github.com/MartinThoma/MartinThoma.github.io,2013-11-24 03:02:10,1,1,1,1,1,1,1
AstroHackWeek_day4,https://github.com/AstroHackWeek/AstroHackWeek_day4,2014-08-13 22:43:44,1,1,1,1,1,1,1
astroMLfigs,https://github.com/drphilmarshall/astroMLfigs,2014-09-18 16:48:26,1,1,1,1,1,1,1
ASTR599_homework,https://github.com/jakevdp/ASTR599_homework,2013-09-27 16:43:45,1,1,1,1,1,1,1
Mmani,https://github.com/mmp2/Mmani,2014-04-03 23:03:33,1,1,1,1,1,1,1
Algorithms,https://github.com/prakhar1989/Algorithms,2012-12-11 05:33:04,1,1,1,1,1,1,1
K2fov,https://github.com/mrtommyb/K2fov,2014-01-24 02:51:19,1,1,1,1,1,1,1
IDLdep,https://github.com/ChrisBeaumont/IDLdep,2011-10-21 15:17:40,1,1,1,1,1,1,1
ADR4Movie,https://github.com/alex-parker/ADR4Movie,2014-09-16 17:13:10,1,1,1,1,1,1,1
OSCAAR,https://github.com/OSCAAR/OSCAAR,2012-10-31 21:35:32,1,1,1,1,1,1,1
Xmatch,https://github.com/matthiaslee/Xmatch,2012-03-10 04:57:23,1,1,1,1,1,1,1
AstroHackWeek_day5,https://github.com/AstroHackWeek/AstroHackWeek_day5,2014-08-13 22:44:09,1,1,1,1,1,1,1
ThePantry,https://github.com/TastyGreg/ThePantry,2014-09-02 19:45:53,1,1,1,1,1,1,1
Baseline.js,https://github.com/daneden/Baseline.js,2012-06-20 10:45:58,1,1,1,1,1,1,1
RTFig,https://github.com/Waelthus/RTFig,2014-09-18 21:26:34,1,1,1,1,1,1,1
BibDeskAppleScripts,https://github.com/mankoff/BibDeskAppleScripts,2014-01-25 20:39:54,1,1,1,1,1,1,1
SHARE,https://github.com/CenterForOpenScience/SHARE,2014-06-27 15:19:21,1,1,1,1,1,1,1
Bureaucracy,https://github.com/CitizenScienceInAstronomyWorkshop/Bureaucracy,2014-03-05 08:47:18,1,1,1,1,1,1,1
CV,https://github.com/raphink/CV,2011-03-10 14:30:06,1,1,1,1,1,1,1
ESAC-stats,https://github.com/jakevdp/ESAC-stats,2014-10-23 14:36:33,1,1,1,1,1,1,1
ECML_PKDD_2013,https://github.com/jakevdp/ECML_PKDD_2013,2013-04-25 14:38:07,1,1,1,1,1,1,1
SSC383D,https://github.com/jgscott/SSC383D,2013-01-04 16:40:14,1,1,1,1,1,1,1
TriandRRLyrae,https://github.com/adrn/TriandRRLyrae,2014-09-25 18:25:10,1,1,1,1,1,1,1
SciPy-2014,https://github.com/scipy-conference/SciPy-2014,2013-11-14 19:59:00,1,1,1,1,1,1,1
alfred-workflows-scientific,https://github.com/andrewning/alfred-workflows-scientific,2013-04-26 22:26:04,1,1,1,1,1,1,1
TextBlob,https://github.com/sloria/TextBlob,2013-06-30 18:29:18,1,1,1,1,1,1,1
DanielKimbel.com,https://github.com/Techowl/DanielKimbel.com,2014-02-04 06:49:46,1,1,1,1,1,1,1
CelestiaUtils,https://github.com/stefano-meschiari/CelestiaUtils,2014-01-21 19:52:53,1,1,1,1,1,1,1
Cosmology.jl,https://github.com/nolta/Cosmology.jl,2013-09-29 00:11:52,1,1,1,1,1,1,1
Test-Repo,https://github.com/astrojs/Test-Repo,2014-02-17 15:00:47,1,1,1,1,1,1,1
Cosmology.jl,https://github.com/JuliaAstro/Cosmology.jl,2013-09-29 00:11:52,1,1,1,1,1,1,1
Starfish,https://github.com/iancze/Starfish,2013-07-24 13:14:29,1,1,1,1,1,1,1
Telluric-Fitter,https://github.com/kgullikson88/Telluric-Fitter,2013-12-11 16:28:45,1,1,1,1,1,1,1
Systemic2,https://github.com/stefano-meschiari/Systemic2,2013-12-18 17:46:05,1,1,1,1,1,1,1
CommonRegex,https://github.com/madisonmay/CommonRegex,2013-12-17 08:43:14,1,1,1,1,1,1,1
FabryPerot,https://github.com/gully/FabryPerot,2014-02-13 17:42:23,1,1,1,1,1,1,1
FitVids.js,https://github.com/davatron5000/FitVids.js,2011-09-01 22:06:04,1,1,1,1,1,1,1
Font-Awesome,https://github.com/FortAwesome/Font-Awesome,2012-02-17 14:19:43,1,1,1,1,1,1,1
GPR4ALL,https://github.com/yairdaon/GPR4ALL,2014-08-12 17:25:52,1,1,1,1,1,1,1
alfred-workflows,https://github.com/zenorocha/alfred-workflows,2013-09-23 21:46:31,1,1,1,1,1,1,1
alfred-github-workflow,https://github.com/gharlan/alfred-github-workflow,2013-01-16 11:00:41,1,1,1,1,1,1,1
alfred-emoji-workflow,https://github.com/carlosgaldino/alfred-emoji-workflow,2013-04-03 02:52:27,1,1,1,1,1,1,1
airport_elevations,https://github.com/jradavenport/airport_elevations,2014-09-22 05:43:57,1,1,1,1,1,1,1
AstroLab,https://github.com/wilmatrick/AstroLab,2014-10-02 14:24:29,1,1,1,1,1,1,1
ads_bibdesk,https://github.com/ryanmaas/ads_bibdesk,2014-03-06 20:44:43,1,1,1,1,1,1,1
ads,https://github.com/andycasey/ads,2013-08-08 02:46:06,1,1,1,1,1,1,1
Hack-Day-Home,https://github.com/SPIE-hack-day-2014/Hack-Day-Home,2014-04-20 08:56:16,1,1,1,1,1,1,1
AstroTaches,https://github.com/davidwhogg/AstroTaches,2011-04-05 14:08:14,1,1,1,1,1,1,1
HW4_Stat250_W14,https://github.com/karenyyng/HW4_Stat250_W14,2014-03-08 20:36:38,1,1,1,1,1,1,1
PivotalR,https://github.com/gopivotal/PivotalR,2013-05-01 23:15:52,1,1,1,1,1,1,1
ProbabilisticLensing,https://github.com/jakevdp/ProbabilisticLensing,2013-02-21 17:38:25,1,1,1,1,1,1,1
Project-OSRM,https://github.com/DennisOSRM/Project-OSRM,2011-09-22 10:05:08,1,1,1,1,1,1,1
GalSim,https://github.com/GalSim-developers/GalSim,2012-02-22 02:51:45,1,1,1,1,1,1,1
YSOVAR,https://github.com/YSOVAR/YSOVAR,2013-01-24 17:32:09,1,1,1,1,1,1,1
Chattanooga-Open-Data-Policy,https://github.com/cityofchattanooga/Chattanooga-Open-Data-Policy,2014-02-03 16:00:08,1,1,1,1,1,1,1
PyDataNYC2014,https://github.com/HyperionAnalytics/PyDataNYC2014,2014-12-02 17:54:13,1,1,1,1,1,1,1
PyPlot.jl,https://github.com/stevengj/PyPlot.jl,2012-11-21 01:42:21,1,1,1,1,1,1,1
WhenGiantsCollide,https://github.com/stefano-meschiari/WhenGiantsCollide,2014-07-16 03:05:52,1,1,1,1,1,1,1
BF-rvplotter,https://github.com/mrawls/BF-rvplotter,2014-10-16 00:19:09,1,1,1,1,1,1,1
GP_examples,https://github.com/RuthAngus/GP_examples,2014-07-31 16:22:47,1,1,1,1,1,1,1
CountryCodeChecker,https://github.com/cjdupreez/CountryCodeChecker,2014-01-22 02:05:46,1,1,1,1,1,1,1
gitver,https://github.com/manuelbua/gitver,2014-01-05 18:52:04,1,1,1,1,1,1,1
astropy-APEs,https://github.com/astropy/astropy-APEs,2013-11-05 21:20:15,1,1,1,1,1,1,1
picnic.py,https://github.com/Zulko/picnic.py,2014-01-11 15:09:36,1,1,1,1,1,1,1
pyenv,https://github.com/yyuu/pyenv,2012-08-31 06:57:52,1,1,1,1,1,1,1
pyds9,https://github.com/ericmandel/pyds9,2013-07-26 18:17:38,1,1,1,1,1,1,1
pydl,https://github.com/weaverba137/pydl,2013-03-06 17:24:16,1,1,1,1,1,1,1
pycon2014,https://github.com/jasonamyers/pycon2014,2014-04-03 00:58:31,1,1,1,1,1,1,1
pycamb,https://github.com/rbiswas4/pycamb,2013-09-02 22:40:13,1,1,1,1,1,1,1
pyavm,https://github.com/astrofrog/pyavm,2010-06-30 17:25:15,1,1,1,1,1,1,1
pyamg,https://github.com/pyamg/pyamg,2013-06-22 14:24:24,1,1,1,1,1,1,1
pyBAST,https://github.com/berianjames/pyBAST,2012-03-09 04:44:31,1,1,1,1,1,1,1
ptf_web,https://github.com/adrn/ptf_web,2012-06-26 16:39:38,1,1,1,1,1,1,1
protocol-buffers,https://github.com/mafintosh/protocol-buffers,2014-05-05 20:20:39,1,1,1,1,1,1,1
prettyplotlib,https://github.com/olgabot/prettyplotlib,2013-07-18 14:39:58,1,1,1,1,1,1,1
plp,https://github.com/leejjoon/plp,2014-07-12 01:45:46,1,1,1,1,1,1,1
plp,https://github.com/igrins/plp,2014-06-05 02:45:41,1,1,1,1,1,1,1
plotornot,https://github.com/ChrisBeaumont/plotornot,2013-06-28 19:43:35,1,1,1,1,1,1,1
plot-spectra-light-curves,https://github.com/tarifhaque/plot-spectra-light-curves,2014-07-24 03:34:46,1,1,1,1,1,1,1
pyephem,https://github.com/brandon-rhodes/pyephem,2012-06-25 05:36:05,1,1,1,1,1,1,1
pyprind,https://github.com/rasbt/pyprind,2014-01-25 23:08:12,1,1,1,1,1,1,1
pyskel,https://github.com/mapbox/pyskel,2014-10-31 17:16:49,1,1,1,1,1,1,1
pywt,https://github.com/nigma/pywt,2010-10-23 14:46:46,1,1,1,1,1,1,1
resume.github.com,https://github.com/resume/resume.github.com,2011-02-06 13:39:55,1,1,1,1,1,1,1
resume-cli,https://github.com/jsonresume/resume-cli,2014-06-15 06:21:01,1,1,1,1,1,1,1
rem,https://github.com/ry5n/rem,2012-02-26 07:20:19,1,1,1,1,1,1,1
reddit,https://github.com/reddit/reddit,2008-06-18 23:30:53,1,1,1,1,1,1,1
rasterio,https://github.com/sgillies/rasterio,2013-11-04 16:36:27,1,1,1,1,1,1,1
quietnet,https://github.com/Katee/quietnet,2013-11-01 18:09:57,1,1,1,1,1,1,1
pywcsgrid2,https://github.com/leejjoon/pywcsgrid2,2009-06-21 03:01:58,1,1,1,1,1,1,1
pysynphot,https://github.com/spacetelescope/pysynphot,2013-05-14 17:52:00,1,1,1,1,1,1,1
python-skyfield,https://github.com/brandon-rhodes/python-skyfield,2013-01-30 21:19:21,1,1,1,1,1,1,1
python-pgextras,https://github.com/scottwoodall/python-pgextras,2014-04-24 10:28:56,1,1,1,1,1,1,1
python-modernize,https://github.com/mitsuhiko/python-modernize,2012-02-04 17:18:11,1,1,1,1,1,1,1
python-fsps,https://github.com/bd-j/python-fsps,2014-04-08 01:32:32,1,1,1,1,1,1,1
python-crunchbase,https://github.com/preillyme/python-crunchbase,2013-07-31 00:29:00,1,1,1,1,1,1,1
python-bibtexparser,https://github.com/sciunto/python-bibtexparser,2013-01-05 22:07:21,1,1,1,1,1,1,1
planout,https://github.com/facebook/planout,2014-01-26 00:07:54,1,1,1,1,1,1,1
pgweb,https://github.com/sosedoff/pgweb,2014-10-09 01:41:32,1,1,1,1,1,1,1
astropy-APEs,https://github.com/eteq/astropy-APEs,2013-11-08 17:14:49,1,1,1,1,1,1,1
pghero,https://github.com/ankane/pghero,2014-07-21 09:56:02,1,1,1,1,1,1,1
numexpr,https://github.com/pydata/numexpr,2013-11-30 22:33:48,1,1,1,1,1,1,1
notebooks,https://github.com/ogrisel/notebooks,2011-10-12 20:04:58,1,1,1,1,1,1,1
nolearn,https://github.com/dnouri/nolearn,2012-11-22 21:41:47,1,1,1,1,1,1,1
node-restify,https://github.com/mcavage/node-restify,2011-04-25 21:19:26,1,1,1,1,1,1,1
node-pre-gyp,https://github.com/springmeyer/node-pre-gyp,2013-11-30 00:18:15,1,1,1,1,1,1,1
node-postgres,https://github.com/brianc/node-postgres,2010-10-15 23:05:50,1,1,1,1,1,1,1
node-gdal,https://github.com/naturalatlas/node-gdal,2014-05-06 18:02:34,1,1,1,1,1,1,1
nikutta_etal_paper2_take2,https://github.com/nhuntwalker/nikutta_etal_paper2_take2,2014-12-17 21:20:20,1,1,1,1,1,1,1
nikutta_etal_paper2,https://github.com/nhuntwalker/nikutta_etal_paper2,2014-12-17 21:29:05,1,1,1,1,1,1,1
nikutta_etal_paper2,https://github.com/nhuntwalker/nikutta_etal_paper2,2014-12-17 21:19:07,1,1,1,1,1,1,1
nikutta_etal_paper2,https://github.com/nhuntwalker/nikutta_etal_paper2,2014-12-17 21:18:33,1,1,1,1,1,1,1
nikutta_etal_paper2,https://github.com/nhuntwalker/nikutta_etal_paper2,2014-12-17 20:47:16,1,1,1,1,1,1,1
nflgame,https://github.com/BurntSushi/nflgame,2012-08-29 10:00:58,1,1,1,1,1,1,1
neuraltalk,https://github.com/karpathy/neuraltalk,2014-11-27 23:22:39,1,1,1,1,1,1,1
nestle,https://github.com/RuthAngus/nestle,2014-09-18 22:53:11,1,1,1,1,1,1,1
nunjucks,https://github.com/mozilla/nunjucks,2012-08-09 05:40:44,1,1,1,1,1,1,1
odyssey.js,https://github.com/CartoDB/odyssey.js,2014-01-22 19:14:46,1,1,1,1,1,1,1
omnifocus-perspective-icons,https://github.com/deaghean/omnifocus-perspective-icons,2014-05-09 02:35:17,1,1,1,1,1,1,1
patsy,https://github.com/pydata/patsy,2012-07-10 12:30:06,1,1,1,1,1,1,1
peru,https://github.com/buildinspace/peru,2013-10-26 09:14:57,1,1,1,1,1,1,1
period_luminosity_relation_fitting,https://github.com/ckleinastro/period_luminosity_relation_fitting,2014-03-07 22:13:10,1,1,1,1,1,1,1
pelican-bootstrap3,https://github.com/DandyDev/pelican-bootstrap3,2013-08-15 22:33:02,1,1,1,1,1,1,1
peer4commit,https://github.com/sigmike/peer4commit,2014-02-06 20:33:04,1,1,1,1,1,1,1
pdfminer,https://github.com/euske/pdfminer,2010-12-12 12:50:22,1,1,1,1,1,1,1
pdf.js,https://github.com/mozilla/pdf.js,2011-04-26 06:32:03,1,1,1,1,1,1,1
pathgl,https://github.com/adnan-wahab/pathgl,2013-08-12 06:54:37,1,1,1,1,1,1,1
onepage-scroll,https://github.com/peachananr/onepage-scroll,2013-09-12 14:07:28,1,1,1,1,1,1,1
paper-tools,https://github.com/kbarbary/paper-tools,2013-08-29 06:22:15,1,1,1,1,1,1,1
pal5challenge,https://github.com/adrn/pal5challenge,2014-10-29 17:00:42,1,1,1,1,1,1,1
pIDLy,https://github.com/anthonyjsmith/pIDLy,2012-06-06 13:59:36,1,1,1,1,1,1,1
osrm-backend,https://github.com/Project-OSRM/osrm-backend,2011-09-22 10:05:08,1,1,1,1,1,1,1
opencv,https://github.com/Itseez/opencv,2012-07-19 09:40:17,1,1,1,1,1,1,1
open-in-nbviewer,https://github.com/jiffyclub/open-in-nbviewer,2012-10-11 02:24:50,1,1,1,1,1,1,1
richcitationparsing,https://github.com/chrislintott/richcitationparsing,2014-12-09 17:22:38,1,1,1,1,1,1,1
s3prefixed,https://github.com/mapbox/s3prefixed,2014-11-11 17:49:36,1,1,1,1,1,1,1
sandman,https://github.com/jeffknupp/sandman,2013-07-20 19:52:21,1,1,1,1,1,1,1
sassline,https://github.com/designbyjake/sassline,2013-07-18 19:04:25,1,1,1,1,1,1,1
triangle.py,https://github.com/dhuppenkothen/triangle.py,2014-02-10 10:44:05,1,1,1,1,1,1,1
triangle.py,https://github.com/adrn/triangle.py,2013-06-17 18:57:32,1,1,1,1,1,1,1
transitingnow,https://github.com/bmorris3/transitingnow,2014-03-30 17:23:05,1,1,1,1,1,1,1
transitephem,https://github.com/bmorris3/transitephem,2014-05-14 20:49:40,1,1,1,1,1,1,1
training-wg,https://github.com/BIDS/training-wg,2014-09-15 04:21:48,1,1,1,1,1,1,1
tortilla,https://github.com/redodo/tortilla,2014-11-09 12:12:52,1,1,1,1,1,1,1
tmuxp,https://github.com/tony/tmuxp,2013-08-27 05:51:11,1,1,1,1,1,1,1
timl,https://github.com/tpope/timl,2013-11-22 03:31:55,1,1,1,1,1,1,1
tiff.js,https://github.com/seikichi/tiff.js,2013-10-06 13:04:45,1,1,1,1,1,1,1
theoj,https://github.com/arfon/theoj,2014-02-11 17:45:42,1,1,1,1,1,1,1
textract,https://github.com/deanmalmgren/textract,2014-07-03 20:36:59,1,1,1,1,1,1,1
tether,https://github.com/HubSpot/tether,2013-10-15 17:47:11,1,1,1,1,1,1,1
test,https://github.com/jmankin/test,2014-07-24 22:42:29,1,1,1,1,1,1,1
ten-rules,https://github.com/rougier/ten-rules,2014-04-29 08:48:00,1,1,1,1,1,1,1
teaching,https://github.com/nhuntwalker/teaching,2014-06-04 02:18:20,1,1,1,1,1,1,1
typecsset,https://github.com/csswizardry/typecsset,2014-01-04 13:53:07,1,1,1,1,1,1,1
understanding-json-schema,https://github.com/spacetelescope/understanding-json-schema,2013-09-05 13:55:21,1,1,1,1,1,1,1
usersurveys,https://github.com/ipython/usersurveys,2014-03-10 21:39:52,1,1,1,1,1,1,1
wal-e,https://github.com/wal-e/wal-e,2013-01-18 22:35:56,1,1,1,1,1,1,1
yobot3k,https://github.com/jonathansick/yobot3k,2014-12-12 14:00:57,1,1,1,1,1,1,1
yobot3k,https://github.com/RuthAngus/yobot3k,2014-12-11 22:08:55,1,1,1,1,1,1,1
website_source,https://github.com/kbarbary/website_source,2014-09-23 17:08:46,1,1,1,1,1,1,1
website_source,https://github.com/dhuppenkothen/website_source,2014-10-01 20:40:44,1,1,1,1,1,1,1
webglearth2,https://github.com/webglearth/webglearth2,2013-04-25 08:42:49,1,1,1,1,1,1,1
webahead-transcripts,https://github.com/jensimmons/webahead-transcripts,2013-12-16 19:48:57,1,1,1,1,1,1,1
vowpal_wabbit,https://github.com/JohnLangford/vowpal_wabbit,2009-07-31 19:36:58,1,1,1,1,1,1,1
ut-ipython-nikola-theme,https://github.com/johntfoster/ut-ipython-nikola-theme,2014-07-17 05:11:29,1,1,1,1,1,1,1
vispy,https://github.com/vispy/vispy,2013-03-21 18:43:22,1,1,1,1,1,1,1
visiomatic,https://github.com/astromatic/visiomatic,2014-03-23 20:14:36,1,1,1,1,1,1,1
vimr,https://github.com/qvacua/vimr,2014-02-28 21:31:38,1,1,1,1,1,1,1
vim.js,https://github.com/coolwanglu/vim.js,2013-11-30 07:21:39,1,1,1,1,1,1,1
vim-snipmate,https://github.com/garbas/vim-snipmate,2010-11-25 10:39:35,1,1,1,1,1,1,1
utexas-latex,https://github.com/linguistics/utexas-latex,2014-03-27 17:50:14,1,1,1,1,1,1,1
teaching,https://github.com/nhuntwalker/teaching,2014-06-04 02:13:26,1,1,1,1,1,1,1
tangelo,https://github.com/Kitware/tangelo,2012-11-27 15:38:26,1,1,1,1,1,1,1
talks,https://github.com/adrn/talks,2014-02-17 19:25:06,1,1,1,1,1,1,1
scss-lint,https://github.com/causes/scss-lint,2012-12-18 18:31:42,1,1,1,1,1,1,1
simplify-js,https://github.com/mourner/simplify-js,2012-02-03 17:03:01,1,1,1,1,1,1,1
sick,https://github.com/andycasey/sick,2013-08-18 04:14:24,1,1,1,1,1,1,1
shot-through-the-heart,https://github.com/adrn/shot-through-the-heart,2014-03-23 17:29:25,1,1,1,1,1,1,1
shine.js,https://github.com/bigspaceship/shine.js,2014-04-02 19:16:23,1,1,1,1,1,1,1
seidel,https://github.com/mapbox/seidel,2014-08-13 14:29:16,1,1,1,1,1,1,1
secure,https://github.com/gully/secure,2014-04-23 14:20:28,1,1,1,1,1,1,1
scripts,https://github.com/nhuntwalker/scripts,2014-05-28 21:02:51,1,1,1,1,1,1,1
sklearn_pycon2013,https://github.com/jakevdp/sklearn_pycon2013,2013-02-28 04:45:23,1,1,1,1,1,1,1
scipy2014_tutorial,https://github.com/fonnesbeck/scipy2014_tutorial,2014-05-26 11:08:45,1,1,1,1,1,1,1
scipy2014,https://github.com/jakevdp/scipy2014,2014-01-13 00:42:15,1,1,1,1,1,1,1
scipy-conference,https://github.com/jakevdp/scipy-conference,2014-07-15 18:52:54,1,1,1,1,1,1,1
scikit-image,https://github.com/scikit-image/scikit-image,2011-07-07 22:07:20,1,1,1,1,1,1,1
scientific-python-training-2012,https://github.com/spacetelescope/scientific-python-training-2012,2012-11-08 16:13:58,1,1,1,1,1,1,1
scidrive,https://github.com/dimm0/scidrive,2013-03-13 16:56:34,1,1,1,1,1,1,1
site,https://github.com/swcarpentry/site,2013-07-14 00:49:11,1,1,1,1,1,1,1
skll,https://github.com/EducationalTestingService/skll,2013-08-02 14:31:46,1,1,1,1,1,1,1
talk-strata-sc2014,https://github.com/ellisonbg/talk-strata-sc2014,2014-02-11 01:24:06,1,1,1,1,1,1,1
stackicons,https://github.com/parkerbennett/stackicons,2014-02-20 01:22:51,1,1,1,1,1,1,1
tabula,https://github.com/tabulapdf/tabula,2013-03-11 19:28:51,1,1,1,1,1,1,1
t,https://github.com/sferik/t,2011-11-23 02:59:48,1,1,1,1,1,1,1
sticky,https://github.com/wrobstory/sticky,2014-04-27 18:03:55,1,1,1,1,1,1,1
stats-tutorials,https://github.com/adrn/stats-tutorials,2014-12-09 20:11:45,1,1,1,1,1,1,1
statistical-analysis-python-tutorial,https://github.com/fonnesbeck/statistical-analysis-python-tutorial,2013-06-12 17:30:59,1,1,1,1,1,1,1
staticapps.org,https://github.com/staticapps/staticapps.org,2013-12-13 06:31:44,1,1,1,1,1,1,1
sr,https://github.com/davidwhogg/sr,2013-01-19 16:10:18,1,1,1,1,1,1,1
slick,https://github.com/kenwheeler/slick,2014-03-24 02:10:05,1,1,1,1,1,1,1
sphinx-deployment,https://github.com/teracy-official/sphinx-deployment,2013-08-17 16:35:37,1,1,1,1,1,1,1
sofiatti.github.io,https://github.com/sofiatti/sofiatti.github.io,2014-10-09 18:06:38,1,1,1,1,1,1,1
sofiatti.github.io,https://github.com/sofiatti/sofiatti.github.io,2014-10-09 17:46:13,1,1,1,1,1,1,1
sofiatti.github.io,https://github.com/sofiatti/sofiatti.github.io,2014-10-02 01:14:51,1,1,1,1,1,1,1
sncosmo.github.io,https://github.com/sncosmo/sncosmo.github.io,2013-10-18 20:59:55,1,1,1,1,1,1,1
snakeviz,https://github.com/jiffyclub/snakeviz,2012-06-26 23:43:59,1,1,1,1,1,1,1
neovim,https://github.com/neovim/neovim,2014-01-31 13:39:22,1,1,1,1,1,1,1
nbviewer,https://github.com/jupyter/nbviewer,2012-08-05 11:42:33,1,1,1,1,1,1,1
narrative,https://github.com/fperez/narrative,2014-12-19 02:37:37,1,1,1,1,1,1,1
george,https://github.com/RuthAngus/george,2014-07-16 20:25:46,1,1,1,1,1,1,1
docs.binstar.org,https://github.com/Binstar/docs.binstar.org,2013-12-22 21:25:41,1,1,1,1,1,1,1
dfm.github.com,https://github.com/RuthAngus/dfm.github.com,2014-12-13 21:24:07,1,1,1,1,1,1,1
deciphering_ancient_photons,https://github.com/karenyyng/deciphering_ancient_photons,2014-12-25 06:34:43,1,1,1,1,1,1,1
dbarts,https://github.com/vdorie/dbarts,2014-05-28 20:50:41,1,1,1,1,1,1,1
day1,https://github.com/AstroHackWeek/day1,2014-08-13 22:29:51,1,1,1,1,1,1,1
datahack_projects,https://github.com/nhuntwalker/datahack_projects,2014-09-15 21:15:44,1,1,1,1,1,1,1
data_science,https://github.com/nhuntwalker/data_science,2014-09-15 21:12:41,1,1,1,1,1,1,1
data.gov,https://github.com/GSA/data.gov,2013-03-29 01:01:04,1,1,1,1,1,1,1
daopilot,https://github.com/jonathansick/daopilot,2012-10-12 20:39:17,1,1,1,1,1,1,1
d3-plugins,https://github.com/d3/d3-plugins,2012-03-30 17:18:53,1,1,1,1,1,1,1
cython,https://github.com/cython/cython,2010-11-21 07:44:20,1,1,1,1,1,1,1
cubehelix,https://github.com/jonathansick/cubehelix,2014-04-17 13:18:32,1,1,1,1,1,1,1
coyled.com,https://github.com/coyled/coyled.com,2010-07-05 21:00:56,1,1,1,1,1,1,1
cool-ascii-faces,https://github.com/maxogden/cool-ascii-faces,2014-01-15 00:42:13,1,1,1,1,1,1,1
cookiecutter-pypackage,https://github.com/audreyr/cookiecutter-pypackage,2013-07-14 18:52:05,1,1,1,1,1,1,1
dotemacs,https://github.com/stefano-meschiari/dotemacs,2013-12-20 18:39:43,1,1,1,1,1,1,1
dvn-client-python,https://github.com/IQSS/dvn-client-python,2013-09-20 16:04:09,1,1,1,1,1,1,1
eb,https://github.com/mdwarfgeek/eb,2014-06-15 21:28:09,1,1,1,1,1,1,1
flann,https://github.com/mariusmuja/flann,2011-03-28 18:45:55,1,1,1,1,1,1,1
geojsonio.py,https://github.com/jwass/geojsonio.py,2013-09-11 16:49:51,1,1,1,1,1,1,1
gdal,https://github.com/OSGeo/gdal,2012-10-09 21:39:58,1,1,1,1,1,1,1
galfast,https://github.com/mjuric/galfast,2012-04-09 22:01:33,1,1,1,1,1,1,1
foo,https://github.com/jmankin/foo,2014-07-24 22:23:40,1,1,1,1,1,1,1
flask-restless,https://github.com/jfinkels/flask-restless,2012-02-29 05:59:30,1,1,1,1,1,1,1
flask-oauthlib,https://github.com/lepture/flask-oauthlib,2013-05-16 14:19:29,1,1,1,1,1,1,1
fitsio,https://github.com/esheldon/fitsio,2011-09-12 05:35:41,1,1,1,1,1,1,1
emcee,https://github.com/adrn/emcee,2012-08-24 20:40:44,1,1,1,1,1,1,1
example-oauth2-server,https://github.com/lepture/example-oauth2-server,2013-11-21 08:24:16,1,1,1,1,1,1,1
ex_pypackaging,https://github.com/rbiswas4/ex_pypackaging,2014-12-30 21:34:20,1,1,1,1,1,1,1
euroscipy_proceedings,https://github.com/euroscipy/euroscipy_proceedings,2013-07-25 07:20:46,1,1,1,1,1,1,1
erfa,https://github.com/liberfa/erfa,2013-05-16 21:38:36,1,1,1,1,1,1,1
emscripten-fastcomp,https://github.com/kripken/emscripten-fastcomp,2013-11-21 21:54:33,1,1,1,1,1,1,1
emcee,https://github.com/drphilmarshall/emcee,2012-04-06 20:40:10,1,1,1,1,1,1,1
cookbook-code,https://github.com/ipython-books/cookbook-code,2013-10-29 13:03:16,1,1,1,1,1,1,1
convnetjs,https://github.com/karpathy/convnetjs,2014-01-05 00:12:15,1,1,1,1,1,1,1
constellations,https://github.com/adrn/constellations,2014-12-08 16:29:01,1,1,1,1,1,1,1
awesome-sqlalchemy,https://github.com/dahlia/awesome-sqlalchemy,2014-09-22 02:13:34,1,1,1,1,1,1,1
blog,https://github.com/richsoni/blog,2013-11-04 19:20:52,1,1,1,1,1,1,1
biofeedback,https://github.com/camilleanne/biofeedback,2013-11-10 22:16:08,1,1,1,1,1,1,1
bc,https://github.com/swcarpentry/bc,2013-07-14 00:49:29,1,1,1,1,1,1,1
bayesflare,https://github.com/BayesFlare/bayesflare,2014-06-02 12:20:12,1,1,1,1,1,1,1
bats,https://github.com/sstephenson/bats,2011-12-28 18:40:33,1,1,1,1,1,1,1
bash-it,https://github.com/revans/bash-it,2010-10-02 18:36:17,1,1,1,1,1,1,1
awesome-python,https://github.com/vinta/awesome-python,2014-06-27 21:00:06,1,1,1,1,1,1,1
bootstrap-sass,https://github.com/twbs/bootstrap-sass,2011-09-06 18:58:49,1,1,1,1,1,1,1
awesome-machine-learning,https://github.com/josephmisiti/awesome-machine-learning,2014-07-15 19:11:19,1,1,1,1,1,1,1
awesome-courses,https://github.com/prakhar1989/awesome-courses,2014-11-15 18:36:49,1,1,1,1,1,1,1
awesome-awesomeness,https://github.com/bayandin/awesome-awesomeness,2014-07-08 05:44:19,1,1,1,1,1,1,1
asv,https://github.com/spacetelescope/asv,2013-11-07 20:43:31,1,1,1,1,1,1,1
astrorec,https://github.com/jonathansick/astrorec,2014-12-10 03:32:40,1,1,1,1,1,1,1
astropy.github.com,https://github.com/kbarbary/astropy.github.com,2014-03-27 19:12:12,1,1,1,1,1,1,1
bootstrap,https://github.com/twbs/bootstrap,2011-07-29 21:19:00,1,1,1,1,1,1,1
bork,https://github.com/adrn/bork,2014-01-31 16:46:38,1,1,1,1,1,1,1
consomme,https://github.com/rossfadely/consomme,2013-04-02 18:34:53,1,1,1,1,1,1,1
colors,https://github.com/mrmrs/colors,2013-06-17 06:31:51,1,1,1,1,1,1,1
conda-recipes,https://github.com/kapadia/conda-recipes,2014-12-08 19:39:55,1,1,1,1,1,1,1
conda-recipes,https://github.com/conda/conda-recipes,2013-06-07 20:17:27,1,1,1,1,1,1,1
compass-placeholders,https://github.com/hagenburger/compass-placeholders,2012-04-10 22:37:25,1,1,1,1,1,1,1
compass,https://github.com/pprince/compass,2014-01-28 06:15:04,1,1,1,1,1,1,1
compass,https://github.com/jonathansick/compass,2014-05-14 14:21:22,1,1,1,1,1,1,1
compass,https://github.com/chriseppstein/compass,2008-08-23 17:02:18,1,1,1,1,1,1,1
collection,https://github.com/tategallery/collection,2013-09-16 16:05:35,1,1,1,1,1,1,1
breach_core,https://github.com/breach/breach_core,2013-09-20 16:05:01,1,1,1,1,1,1,1
collabeat,https://github.com/dfm/collabeat,2014-09-24 02:23:57,1,1,1,1,1,1,1
click,https://github.com/mitsuhiko/click,2014-04-24 09:52:19,1,1,1,1,1,1,1
chgems,https://github.com/postmodern/chgems,2012-10-05 00:50:36,1,1,1,1,1,1,1
cal-heatmap,https://github.com/kamisama/cal-heatmap,2013-02-18 05:33:24,1,1,1,1,1,1,1
caffe,https://github.com/BVLC/caffe,2013-09-12 18:39:48,1,1,1,1,1,1,1
brick,https://github.com/alfredxing/brick,2013-12-06 21:22:41,1,1,1,1,1,1,1
geomicons-open,https://github.com/jxnblk/geomicons-open,2014-01-31 23:42:37,1,1,1,1,1,1,1
gh-publisher,https://github.com/drphilmarshall/gh-publisher,2014-10-15 08:26:24,1,1,1,1,1,1,1
mytest,https://github.com/kapadia/mytest,2014-02-14 16:09:37,1,1,1,1,1,1,1
ghp-import,https://github.com/davisp/ghp-import,2010-02-19 19:00:22,1,1,1,1,1,1,1
mapbox-studio,https://github.com/mapbox/mapbox-studio,2013-02-19 17:17:39,1,1,1,1,1,1,1
mapbox-gl-native,https://github.com/mapbox/mapbox-gl-native,2014-01-27 17:14:48,1,1,1,1,1,1,1
manglepy,https://github.com/mollyswanson/manglepy,2013-06-07 12:17:05,1,1,1,1,1,1,1
makemeasandwich.js,https://github.com/travist/makemeasandwich.js,2013-09-02 19:14:41,1,1,1,1,1,1,1
lsstcatalog,https://github.com/rbiswas4/lsstcatalog,2014-11-04 17:20:30,1,1,1,1,1,1,1
linguist,https://github.com/github/linguist,2011-05-09 22:53:13,1,1,1,1,1,1,1
libkd,https://github.com/dstndstn/libkd,2014-05-22 16:21:28,1,1,1,1,1,1,1
lensjs,https://github.com/slowe/lensjs,2013-02-05 15:30:36,1,1,1,1,1,1,1
lazyflow,https://github.com/ilastik/lazyflow,2011-07-07 11:10:28,1,1,1,1,1,1,1
laptop,https://github.com/thoughtbot/laptop,2011-05-01 18:18:44,1,1,1,1,1,1,1
lanyon,https://github.com/poole/lanyon,2013-12-28 07:53:04,1,1,1,1,1,1,1
landsat-util,https://github.com/developmentseed/landsat-util,2014-08-01 18:07:37,1,1,1,1,1,1,1
labrador-retweeter,https://github.com/SPIE-hack-day-2014/labrador-retweeter,2014-04-07 10:03:28,1,1,1,1,1,1,1
knitr,https://github.com/yihui/knitr,2011-10-17 20:09:04,1,1,1,1,1,1,1
kiwi,https://github.com/nucleic/kiwi,2013-12-04 00:21:26,1,1,1,1,1,1,1
mashta,https://github.com/adrn/mashta,2014-05-25 22:48:46,1,1,1,1,1,1,1
material,https://github.com/angular/material,2014-07-01 19:20:06,1,1,1,1,1,1,1
matplotlib_astronomy_gallery,https://github.com/leejjoon/matplotlib_astronomy_gallery,2009-12-08 04:59:29,1,1,1,1,1,1,1
moviepy,https://github.com/Zulko/moviepy,2013-08-12 09:39:28,1,1,1,1,1,1,1
mytest,https://github.com/kapadia/mytest,2014-02-14 16:06:50,1,1,1,1,1,1,1
multilevel_modeling,https://github.com/fonnesbeck/multilevel_modeling,2013-10-10 14:13:08,1,1,1,1,1,1,1
mplexporter,https://github.com/jmeppley/mplexporter,2014-03-25 20:56:30,1,1,1,1,1,1,1
mpld3,https://github.com/ahojukka5/mpld3,2014-08-31 20:11:35,1,1,1,1,1,1,1
mpipool,https://github.com/dfm/mpipool,2014-06-27 13:46:26,1,1,1,1,1,1,1
mpi4py-examples,https://github.com/jbornschein/mpi4py-examples,2010-07-31 09:51:02,1,1,1,1,1,1,1
mondrian,https://github.com/artursapek/mondrian,2014-01-24 16:42:05,1,1,1,1,1,1,1
matplotlibrc,https://github.com/daler/matplotlibrc,2013-06-30 17:34:55,1,1,1,1,1,1,1
modified_theano_tutorials,https://github.com/davebs/modified_theano_tutorials,2013-01-08 01:06:20,1,1,1,1,1,1,1
minimal,https://github.com/orderedlist/minimal,2012-04-05 13:10:55,1,1,1,1,1,1,1
meteor,https://github.com/meteor/meteor,2012-01-19 01:58:17,1,1,1,1,1,1,1
metal,https://github.com/awmann/metal,2014-02-02 15:24:22,1,1,1,1,1,1,1
mercantile,https://github.com/sgillies/mercantile,2014-02-12 23:04:35,1,1,1,1,1,1,1
mercantile,https://github.com/kapadia/mercantile,2014-04-01 22:00:01,1,1,1,1,1,1,1
kinetics-of-the-boston-marathon,https://github.com/drbunsen/kinetics-of-the-boston-marathon,2014-05-27 11:39:49,1,1,1,1,1,1,1
kbmod,https://github.com/rbiswas4/kbmod,2014-11-04 20:52:08,1,1,1,1,1,1,1
kaggle-galaxies,https://github.com/benanne/kaggle-galaxies,2014-04-15 10:14:25,1,1,1,1,1,1,1
zenodo-test,https://github.com/kapadia/zenodo-test,2014-02-14 16:08:50,1,1,1,1,1,1,1
homebrew-science,https://github.com/Homebrew/homebrew-science,2012-04-22 20:16:34,1,1,1,1,1,1,1
homebrew,https://github.com/gully/homebrew,2014-09-29 22:20:49,1,1,1,1,1,1,1
homebrew,https://github.com/Homebrew/homebrew,2009-05-20 19:38:37,1,1,1,1,1,1,1
grunt-jekyll,https://github.com/dannygarcia/grunt-jekyll,2012-09-19 21:21:22,1,1,1,1,1,1,1
glances,https://github.com/nicolargo/glances,2011-12-04 08:49:15,1,1,1,1,1,1,1
glacier-cli,https://github.com/basak/glacier-cli,2012-09-21 22:13:56,1,1,1,1,1,1,1
gitignore.io,https://github.com/joeblau/gitignore.io,2013-02-14 14:25:36,1,1,1,1,1,1,1
hue-alfred-workflow,https://github.com/benknight/hue-alfred-workflow,2013-06-18 18:33:32,1,1,1,1,1,1,1
github-services,https://github.com/github/github-services,2010-05-14 20:07:36,1,1,1,1,1,1,1
gitbook,https://github.com/GitbookIO/gitbook,2014-03-31 03:01:56,1,1,1,1,1,1,1
git-flight-rules,https://github.com/k88hudson/git-flight-rules,2014-07-22 20:35:09,1,1,1,1,1,1,1
git-extras,https://github.com/visionmedia/git-extras,2010-08-04 16:32:07,1,1,1,1,1,1,1
gistup,https://github.com/mbostock/gistup,2014-03-01 23:03:37,1,1,1,1,1,1,1
gist,https://github.com/defunkt/gist,2008-10-10 23:35:47,1,1,1,1,1,1,1
html-css-resume-template,https://github.com/jiffyclub/html-css-resume-template,2012-05-23 00:52:47,1,1,1,1,1,1,1
idiomatic.js,https://github.com/rwaldron/idiomatic.js,2011-05-25 17:48:59,1,1,1,1,1,1,1
jupyter.github.io,https://github.com/fperez/jupyter.github.io,2014-10-01 19:19:20,1,1,1,1,1,1,1
jekyll-now,https://github.com/barryclark/jekyll-now,2014-02-07 00:14:55,1,1,1,1,1,1,1
julia,https://github.com/JuliaLang/julia,2011-04-21 07:01:50,1,1,1,1,1,1,1
jshint2.vim,https://github.com/Shutnik/jshint2.vim,2013-06-27 12:50:47,1,1,1,1,1,1,1
jsfeat,https://github.com/inspirit/jsfeat,2012-11-08 12:35:55,1,1,1,1,1,1,1
jquery.sidenotes,https://github.com/acdlite/jquery.sidenotes,2013-11-11 22:00:09,1,1,1,1,1,1,1
jekyll-rss-feeds,https://github.com/snaptortoise/jekyll-rss-feeds,2011-07-05 14:39:39,1,1,1,1,1,1,1
jekyll-prism-plugin,https://github.com/gmurphey/jekyll-prism-plugin,2012-07-31 15:22:38,1,1,1,1,1,1,1
jekyll-help,https://github.com/jekyll/jekyll-help,2014-03-27 22:35:36,1,1,1,1,1,1,1
idldoc,https://github.com/mgalloy/idldoc,2012-10-22 17:07:05,1,1,1,1,1,1,1
jekyll-docs,https://github.com/untyped/jekyll-docs,2013-08-07 15:24:04,1,1,1,1,1,1,1
isochrones,https://github.com/RuthAngus/isochrones,2014-07-18 09:51:50,1,1,1,1,1,1,1
ipython-idlmagic,https://github.com/ebellm/ipython-idlmagic,2013-04-22 06:47:25,1,1,1,1,1,1,1
iphas-dr2,https://github.com/barentsen/iphas-dr2,2013-03-14 17:23:57,1,1,1,1,1,1,1
interactivesncosmo,https://github.com/rbiswas4/interactivesncosmo,2014-09-17 21:14:06,1,1,1,1,1,1,1
imagecube,https://github.com/sophiathl/imagecube,2014-06-02 22:27:25,1,1,1,1,1,1,1
-,https://github.com/adrn/-,2014-11-06 21:00:11,1,1,1,1,1,1,1
