actor,repo,type,repo_url,repo_created_at,actor,created_at,repo,repo_created_at,repo_url,timestamp,type
jradavenport,FlareTests_AstroHackWeek,PushEvent,https://github.com/jradavenport/FlareTests_AstroHackWeek,2014-09-16 21:24:53,12,12,12,12,12,12,12
kbarbary,nestle,PushEvent,https://github.com/kbarbary/nestle,2013-07-18 19:28:48,11,11,11,11,11,11,11
jradavenport,cubehelix,PushEvent,https://github.com/jradavenport/cubehelix,2014-04-15 20:14:25,8,8,8,8,8,8,8
adrn,macro-cell,PushEvent,https://github.com/adrn/macro-cell,2014-09-18 21:44:34,8,8,8,8,8,8,8
jakevdp,AstroData,GollumEvent,https://github.com/uwescience/AstroData,2014-01-22 21:46:14,8,8,8,8,8,8,8
adrn,tilt-shift,PushEvent,https://github.com/adrn/tilt-shift,2014-09-15 21:55:05,8,8,8,8,8,8,8
fperez,day1,PushEvent,https://github.com/AstroHackWeek/day1,2014-08-14 06:02:33,8,8,8,8,8,8,8
rhiannonlynne,sims_maf_contrib,PushEvent,https://github.com/LSST-nonproject/sims_maf_contrib,2014-08-15 17:21:56,7,7,7,7,7,7,7
lvrzhn,AstroData,GollumEvent,https://github.com/uwescience/AstroData,2014-01-22 21:46:14,7,7,7,7,7,7,7
drphilmarshall,AstroData,GollumEvent,https://github.com/uwescience/AstroData,2014-01-22 21:46:14,7,7,7,7,7,7,7
drphilmarshall,AstroData,GollumEvent,https://github.com/drphilmarshall/AstroData,2014-09-19 14:06:43,7,7,7,7,7,7,7
jakevdp,BombScargle,PushEvent,https://github.com/jakevdp/BombScargle,2014-09-15 22:14:54,6,6,6,6,6,6,6
drphilmarshall,Ideas-for-Citizen-Science-in-Astronomy,IssuesEvent,https://github.com/drphilmarshall/Ideas-for-Citizen-Science-in-Astronomy,2013-03-29 20:45:41,6,6,6,6,6,6,6
drphilmarshall,Ideas-for-Citizen-Science-in-Astronomy,IssueCommentEvent,https://github.com/drphilmarshall/Ideas-for-Citizen-Science-in-Astronomy,2013-03-29 20:45:41,6,6,6,6,6,6,6
drphilmarshall,AstroData,IssuesEvent,https://github.com/uwescience/AstroData,2014-01-22 21:46:14,6,6,6,6,6,6,6
drphilmarshall,Ideas-for-Citizen-Science-in-Astronomy,PushEvent,https://github.com/drphilmarshall/Ideas-for-Citizen-Science-in-Astronomy,2013-03-29 20:45:41,6,6,6,6,6,6,6
fperez,ClassicalStatsPython,PushEvent,https://github.com/dhuppenkothen/ClassicalStatsPython,2014-09-18 21:50:12,5,5,5,5,5,5,5
jonathansick,sedbot,PushEvent,https://github.com/jonathansick/sedbot,2014-03-10 00:31:41,5,5,5,5,5,5,5
dhuppenkothen,UTools,PushEvent,https://github.com/dhuppenkothen/UTools,2014-09-15 17:38:18,4,4,4,4,4,4,4
jmankin,traumadata,PushEvent,https://github.com/jmankin/traumadata,2014-09-13 19:21:51,4,4,4,4,4,4,4
adrn,stream-team,PushEvent,https://github.com/stream-team/stream-team,2014-03-10 00:56:18,4,4,4,4,4,4,4
gully,HETDEXtoy,PushEvent,https://github.com/gully/HETDEXtoy,2014-09-15 22:41:49,4,4,4,4,4,4,4
jakevdp,astrohackweek.github.io,PushEvent,https://github.com/AstroHackWeek/astrohackweek.github.io,2014-09-19 20:45:11,3,3,3,3,3,3,3
jakevdp,SciAmBlogPost,PushEvent,https://github.com/jakevdp/SciAmBlogPost,2014-09-10 22:58:41,3,3,3,3,3,3,3
Waelthus,X-Ray-Time-Series,PushEvent,https://github.com/Waelthus/X-Ray-Time-Series,2014-09-15 21:40:51,3,3,3,3,3,3,3
jakevdp,AstroData,PushEvent,https://github.com/uwescience/AstroData,2014-01-22 21:46:14,3,3,3,3,3,3,3
kbarbary,nestle,IssueCommentEvent,https://github.com/kbarbary/nestle,2013-07-18 19:28:48,3,3,3,3,3,3,3
fperez,ipython,IssueCommentEvent,https://github.com/ipython/ipython,2010-05-10 04:46:06,3,3,3,3,3,3,3
dhuppenkothen,BayesPSD,PushEvent,https://github.com/dhuppenkothen/BayesPSD,2014-09-15 16:28:37,3,3,3,3,3,3,3
nell-byler,HackWeek2014,PushEvent,https://github.com/yoachim/HackWeek2014,2014-09-15 21:35:34,3,3,3,3,3,3,3
fperez,design,IssueCommentEvent,https://github.com/jupyter/design,2014-07-07 21:47:18,3,3,3,3,3,3,3
drphilmarshall,emcee,IssueCommentEvent,https://github.com/dfm/emcee,2011-11-07 16:17:08,3,3,3,3,3,3,3
sofiatti,seaborn,IssuesEvent,https://github.com/mwaskom/seaborn,2012-06-18 18:41:19,3,3,3,3,3,3,3
sofiatti,SNClassification,PushEvent,https://github.com/sofiatti/SNClassification,2014-09-18 23:16:16,3,3,3,3,3,3,3
profjsb,day4,PushEvent,https://github.com/AstroHackWeek/day4,2014-08-14 06:03:43,3,3,3,3,3,3,3
dhuppenkothen,BlackHoleGP,PushEvent,https://github.com/RuthAngus/BlackHoleGP,2014-09-16 00:51:28,3,3,3,3,3,3,3
yoachim,HackWeek2014,PushEvent,https://github.com/yoachim/HackWeek2014,2014-09-15 21:35:34,3,3,3,3,3,3,3
bareid,xi,PushEvent,https://github.com/BIDS/xi,2014-09-15 23:15:36,2,2,2,2,2,2,2
davidwhogg,emcee,IssueCommentEvent,https://github.com/dfm/emcee,2011-11-07 16:17:08,2,2,2,2,2,2,2
Waelthus,X-Ray-Time-Series,CreateEvent,https://github.com/Waelthus/X-Ray-Time-Series,2014-09-15 21:40:51,2,2,2,2,2,2,2
jradavenport,FlareTests_AstroHackWeek,CreateEvent,https://github.com/jradavenport/FlareTests_AstroHackWeek,2014-09-16 21:24:53,2,2,2,2,2,2,2
drphilmarshall,SciAmBlogPost,PushEvent,https://github.com/drphilmarshall/SciAmBlogPost,2014-09-19 17:12:13,2,2,2,2,2,2,2
dhuppenkothen,ClassicalStatsPython,PushEvent,https://github.com/dhuppenkothen/ClassicalStatsPython,2014-09-18 21:50:12,2,2,2,2,2,2,2
jmankin,test,CreateEvent,https://github.com/jmankin/test,2014-09-15 23:23:11,2,2,2,2,2,2,2
jakevdp,noisyLS,PushEvent,https://github.com/jakevdp/noisyLS,2014-09-15 22:14:54,2,2,2,2,2,2,2
yoachim,HackWeek2014,MemberEvent,https://github.com/yoachim/HackWeek2014,2014-09-15 21:35:34,2,2,2,2,2,2,2
fperez,ipython,IssuesEvent,https://github.com/ipython/ipython,2010-05-10 04:46:06,2,2,2,2,2,2,2
drphilmarshall,AstroData,IssueCommentEvent,https://github.com/uwescience/AstroData,2014-01-22 21:46:14,2,2,2,2,2,2,2
dhuppenkothen,ClassicalStatsPython,CreateEvent,https://github.com/dhuppenkothen/ClassicalStatsPython,2014-09-18 21:50:12,2,2,2,2,2,2,2
drphilmarshall,astroML,IssuesEvent,https://github.com/astroML/astroML,2012-10-17 22:33:50,2,2,2,2,2,2,2
drphilmarshall,DataScience,IssuesEvent,https://github.com/brittafiore/DataScience,2014-09-19 20:54:24,2,2,2,2,2,2,2
dhuppenkothen,UTools,CreateEvent,https://github.com/dhuppenkothen/UTools,2014-09-15 17:38:18,2,2,2,2,2,2,2
jradavenport,random-forest-timeseries,CreateEvent,https://github.com/jradavenport/random-forest-timeseries,2014-09-19 00:51:49,2,2,2,2,2,2,2
drphilmarshall,Bananas,PushEvent,https://github.com/drphilmarshall/Bananas,2014-09-18 15:43:32,2,2,2,2,2,2,2
jakevdp,astrohackweek.github.io,CreateEvent,https://github.com/AstroHackWeek/astrohackweek.github.io,2014-09-19 20:45:11,2,2,2,2,2,2,2
nhuntwalker,scripts,PushEvent,https://github.com/nhuntwalker/scripts,2014-06-11 21:36:17,2,2,2,2,2,2,2
karenyyng,clustering,PushEvent,https://github.com/karenyyng/clustering,2014-09-05 07:05:49,2,2,2,2,2,2,2
wilmatrick,test,CreateEvent,https://github.com/wilmatrick/test,2014-09-15 23:26:22,2,2,2,2,2,2,2
sofiatti,seaborn,IssueCommentEvent,https://github.com/mwaskom/seaborn,2012-06-18 18:41:19,2,2,2,2,2,2,2
sofiatti,colormag_sncosmo,CreateEvent,https://github.com/sofiatti/colormag_sncosmo,2014-09-19 22:35:41,2,2,2,2,2,2,2
kbarbary,sncosmo,PushEvent,https://github.com/sncosmo/sncosmo,2012-11-29 22:22:17,2,2,2,2,2,2,2
kbarbary,sncosmo,IssueCommentEvent,https://github.com/sncosmo/sncosmo,2012-11-29 22:22:17,2,2,2,2,2,2,2
kbarbary,nestle,PullRequestEvent,https://github.com/kbarbary/nestle,2013-07-18 19:28:48,2,2,2,2,2,2,2
kbarbary,emcee,IssueCommentEvent,https://github.com/dfm/emcee,2011-11-07 16:17:08,2,2,2,2,2,2,2
kbarbary,astrodata2014-julia,PushEvent,https://github.com/kbarbary/astrodata2014-julia,2014-09-14 22:30:23,2,2,2,2,2,2,2
RuthAngus,BlackHoleGP,CreateEvent,https://github.com/RuthAngus/BlackHoleGP,2014-09-16 00:51:28,2,2,2,2,2,2,2
kapadia,pywt,WatchEvent,https://github.com/nigma/pywt,2010-10-23 14:46:46,1,1,1,1,1,1,1
jonathansick,sedbot,CreateEvent,https://github.com/jonathansick/sedbot,2014-03-10 00:31:41,1,1,1,1,1,1,1
kapadia,astroML,WatchEvent,https://github.com/astroML/astroML,2012-10-17 22:33:50,1,1,1,1,1,1,1
adrn,teaching,PushEvent,https://github.com/adrn/teaching,2012-08-14 17:42:57,1,1,1,1,1,1,1
wilmatrick,astroMLfigs,ForkEvent,https://github.com/gully/astroMLfigs,2014-06-27 16:58:08,1,1,1,1,1,1,1
bareid,AstroData,GollumEvent,https://github.com/uwescience/AstroData,2014-01-22 21:46:14,1,1,1,1,1,1,1
bareid,xi,CreateEvent,https://github.com/bareid/xi,2014-09-19 20:30:09,1,1,1,1,1,1,1
sofiatti,sncosmo,PushEvent,https://github.com/sofiatti/sncosmo,2014-09-19 03:56:29,1,1,1,1,1,1,1
bareid,xi,PushEvent,https://github.com/bareid/xi,2014-09-19 20:30:09,1,1,1,1,1,1,1
davidwhogg,Apogee,IssuesEvent,https://github.com/mkness/Apogee,2014-08-14 17:14:40,1,1,1,1,1,1,1
davidwhogg,blind-dating,IssuesEvent,https://github.com/adrn/blind-dating,2014-09-15 21:55:05,1,1,1,1,1,1,1
davidwhogg,blind-dating,PushEvent,https://github.com/adrn/blind-dating,2014-09-15 21:55:05,1,1,1,1,1,1,1
sofiatti,sncosmo,PullRequestEvent,https://github.com/sncosmo/sncosmo,2012-11-29 22:22:17,1,1,1,1,1,1,1
dhuppenkothen,BayesPSD,CreateEvent,https://github.com/dhuppenkothen/BayesPSD,2014-09-15 16:28:37,1,1,1,1,1,1,1
sofiatti,sncosmo,ForkEvent,https://github.com/sncosmo/sncosmo,2012-11-29 22:22:17,1,1,1,1,1,1,1
jradavenport,gj1245,PushEvent,https://github.com/jlurie/gj1245,2014-04-25 19:02:49,1,1,1,1,1,1,1
sofiatti,colormag_sncosmo,PushEvent,https://github.com/sofiatti/colormag_sncosmo,2014-09-19 22:35:41,1,1,1,1,1,1,1
dhuppenkothen,ClassicalStatsPython,MemberEvent,https://github.com/dhuppenkothen/ClassicalStatsPython,2014-09-18 21:50:12,1,1,1,1,1,1,1
kapadia,caffe,WatchEvent,https://github.com/BVLC/caffe,2013-09-12 18:39:48,1,1,1,1,1,1,1
sofiatti,SNClassification,PullRequestEvent,https://github.com/sofiatti/SNClassification,2014-09-18 23:16:16,1,1,1,1,1,1,1
sofiatti,SNClassification,CreateEvent,https://github.com/sofiatti/SNClassification,2014-09-18 23:16:16,1,1,1,1,1,1,1
drphilmarshall,AstroData,ForkEvent,https://github.com/uwescience/AstroData,2014-01-22 21:46:14,1,1,1,1,1,1,1
rbiswas4,interactivesncosmo,CreateEvent,https://github.com/rbiswas4/interactivesncosmo,2014-09-17 21:14:06,1,1,1,1,1,1,1
adrn,stream-morphology,PushEvent,https://github.com/adrn/stream-morphology,2014-09-12 13:33:11,1,1,1,1,1,1,1
yalsayyad,AstroData,GollumEvent,https://github.com/uwescience/AstroData,2014-01-22 21:46:14,1,1,1,1,1,1,1
adrn,macro-cell,CreateEvent,https://github.com/adrn/macro-cell,2014-09-18 21:44:34,1,1,1,1,1,1,1
Waelthus,astroMLfigs,ForkEvent,https://github.com/gully/astroMLfigs,2014-06-27 16:58:08,1,1,1,1,1,1,1
RuthAngus,BlackHoleGP,MemberEvent,https://github.com/RuthAngus/BlackHoleGP,2014-09-16 00:51:28,1,1,1,1,1,1,1
RuthAngus,KeplerGP,PushEvent,https://github.com/RuthAngus/KeplerGP,2013-08-21 17:14:37,1,1,1,1,1,1,1
RuthAngus,nestle,ForkEvent,https://github.com/kbarbary/nestle,2013-07-18 19:28:48,1,1,1,1,1,1,1
RuthAngus,nestle,PullRequestEvent,https://github.com/kbarbary/nestle,2013-07-18 19:28:48,1,1,1,1,1,1,1
RuthAngus,nestle,PushEvent,https://github.com/RuthAngus/nestle,2014-09-18 22:53:11,1,1,1,1,1,1,1
RuthAngus,noisy-plane,PushEvent,https://github.com/dfm/noisy-plane,2013-12-18 17:35:34,1,1,1,1,1,1,1
Waelthus,RTFig,CreateEvent,https://github.com/Waelthus/RTFig,2014-09-18 21:26:34,1,1,1,1,1,1,1
yoachim,HackWeek2014,CreateEvent,https://github.com/yoachim/HackWeek2014,2014-09-15 21:35:34,1,1,1,1,1,1,1
yoachim,AstroData,GollumEvent,https://github.com/uwescience/AstroData,2014-01-22 21:46:14,1,1,1,1,1,1,1
Waelthus,astroMLfigs,PushEvent,https://github.com/Waelthus/astroMLfigs,2014-09-19 22:03:12,1,1,1,1,1,1,1
adrn,blind-dating,PushEvent,https://github.com/adrn/blind-dating,2014-09-15 21:55:05,1,1,1,1,1,1,1
Waelthus,day1,ForkEvent,https://github.com/AstroHackWeek/day1,2014-08-14 06:02:33,1,1,1,1,1,1,1
Waelthus,day2,ForkEvent,https://github.com/AstroHackWeek/day2,2014-08-14 06:02:54,1,1,1,1,1,1,1
adrn,AstroData,GollumEvent,https://github.com/uwescience/AstroData,2014-01-22 21:46:14,1,1,1,1,1,1,1
adrn,Gaia-zero-day-exploit,CreateEvent,https://github.com/adrn/Gaia-zero-day-exploit,2014-09-19 17:02:20,1,1,1,1,1,1,1
adrn,Gaia-zero-day-exploit,MemberEvent,https://github.com/adrn/Gaia-zero-day-exploit,2014-09-19 17:02:20,1,1,1,1,1,1,1
adrn,astroML,IssuesEvent,https://github.com/astroML/astroML,2012-10-17 22:33:50,1,1,1,1,1,1,1
adrn,blind-dating,CreateEvent,https://github.com/adrn/blind-dating,2014-09-15 21:55:05,1,1,1,1,1,1,1
adrn,blind-dating,IssueCommentEvent,https://github.com/adrn/blind-dating,2014-09-15 21:55:05,1,1,1,1,1,1,1
adrn,blind-dating,MemberEvent,https://github.com/adrn/blind-dating,2014-09-15 21:55:05,1,1,1,1,1,1,1
rbiswas4,emcee,ForkEvent,https://github.com/dfm/emcee,2011-11-07 16:17:08,1,1,1,1,1,1,1
ogtelford,SNClassification,PushEvent,https://github.com/ogtelford/SNClassification,2014-09-18 23:27:13,1,1,1,1,1,1,1
ogtelford,SNClassification,PullRequestEvent,https://github.com/sofiatti/SNClassification,2014-09-18 23:16:16,1,1,1,1,1,1,1
jakevdp,day4,PushEvent,https://github.com/AstroHackWeek/day4,2014-08-14 06:03:43,1,1,1,1,1,1,1
gully,macro-cell,WatchEvent,https://github.com/adrn/macro-cell,2014-09-18 21:44:34,1,1,1,1,1,1,1
gully,pandas,WatchEvent,https://github.com/pydata/pandas,2010-08-24 01:37:33,1,1,1,1,1,1,1
jradavenport,ADR4Movie,WatchEvent,https://github.com/alex-parker/ADR4Movie,2014-09-16 17:13:10,1,1,1,1,1,1,1
jonathansick,tess,PushEvent,https://github.com/jonathansick/tess,2012-08-16 03:08:42,1,1,1,1,1,1,1
karenyyng,python-seminar,WatchEvent,https://github.com/profjsb/python-seminar,2012-08-23 03:30:01,1,1,1,1,1,1,1
jonathansick,tess,PublicEvent,https://github.com/jonathansick/tess,2012-08-16 03:08:42,1,1,1,1,1,1,1
karenyyng,astroML,ForkEvent,https://github.com/astroML/astroML,2012-10-17 22:33:50,1,1,1,1,1,1,1
karenyyng,Bananas,PushEvent,https://github.com/karenyyng/Bananas,2014-09-19 16:40:49,1,1,1,1,1,1,1
jakevdp,day1,PushEvent,https://github.com/AstroHackWeek/day1,2014-08-14 06:02:33,1,1,1,1,1,1,1
jakevdp,day5,PushEvent,https://github.com/AstroHackWeek/day5,2014-08-14 06:04:04,1,1,1,1,1,1,1
kbarbary,nestle,IssuesEvent,https://github.com/kbarbary/nestle,2013-07-18 19:28:48,1,1,1,1,1,1,1
jakevdp,ipython,GollumEvent,https://github.com/ipython/ipython,2010-05-10 04:46:06,1,1,1,1,1,1,1
jakevdp,noisyLS,CreateEvent,https://github.com/jakevdp/noisyLS,2014-09-15 22:14:54,1,1,1,1,1,1,1
karenyyng,Bananas,PullRequestEvent,https://github.com/drphilmarshall/Bananas,2014-09-18 15:43:32,1,1,1,1,1,1,1
jakevdp,website_source,CreateEvent,https://github.com/AstroHackWeek/website_source,2014-09-19 20:46:09,1,1,1,1,1,1,1
jakevdp,website_source,PushEvent,https://github.com/AstroHackWeek/website_source,2014-09-19 20:46:09,1,1,1,1,1,1,1
jmankin,emcee,ForkEvent,https://github.com/dfm/emcee,2011-11-07 16:17:08,1,1,1,1,1,1,1
karenyyng,Bananas,ForkEvent,https://github.com/drphilmarshall/Bananas,2014-09-18 15:43:32,1,1,1,1,1,1,1
kapadia,vowpal_wabbit,WatchEvent,https://github.com/JohnLangford/vowpal_wabbit,2009-07-31 19:36:58,1,1,1,1,1,1,1
jonathansick,HackWeek2014,PushEvent,https://github.com/yoachim/HackWeek2014,2014-09-15 21:35:34,1,1,1,1,1,1,1
gully,bokeh,ForkEvent,https://github.com/ContinuumIO/bokeh,2012-03-26 15:40:01,1,1,1,1,1,1,1
gully,HETDEXtoy,CreateEvent,https://github.com/gully/HETDEXtoy,2014-09-15 22:41:49,1,1,1,1,1,1,1
drphilmarshall,Bananas,CreateEvent,https://github.com/drphilmarshall/Bananas,2014-09-18 15:43:32,1,1,1,1,1,1,1
nhuntwalker,d3,WatchEvent,https://github.com/mbostock/d3,2010-09-27 17:22:42,1,1,1,1,1,1,1
ogtelford,SNClassification,ForkEvent,https://github.com/sofiatti/SNClassification,2014-09-18 23:16:16,1,1,1,1,1,1,1
ogtelford,SNClassification,CreateEvent,https://github.com/ogtelford/SNClassification,2014-09-18 23:27:13,1,1,1,1,1,1,1
ogtelford,PythonPractice,PushEvent,https://github.com/ogtelford/PythonPractice,2014-08-08 17:24:55,1,1,1,1,1,1,1
jradavenport,random-forest-timeseries,PushEvent,https://github.com/jradavenport/random-forest-timeseries,2014-09-19 00:51:49,1,1,1,1,1,1,1
nhuntwalker,datahack_projects,CreateEvent,https://github.com/nhuntwalker/datahack_projects,2014-09-15 21:15:44,1,1,1,1,1,1,1
drphilmarshall,SciAmBlogPost,ForkEvent,https://github.com/jakevdp/SciAmBlogPost,2014-09-10 22:58:41,1,1,1,1,1,1,1
drphilmarshall,SciAmBlogPost,PullRequestEvent,https://github.com/jakevdp/SciAmBlogPost,2014-09-10 22:58:41,1,1,1,1,1,1,1
nhuntwalker,data_science,CreateEvent,https://github.com/nhuntwalker/data_science,2014-09-15 21:12:41,1,1,1,1,1,1,1
drphilmarshall,astroML,ForkEvent,https://github.com/astroML/astroML,2012-10-17 22:33:50,1,1,1,1,1,1,1
drphilmarshall,astroMLfigs,ForkEvent,https://github.com/gully/astroMLfigs,2014-06-27 16:58:08,1,1,1,1,1,1,1
fperez,test,PushEvent,https://github.com/fperez/test,2014-09-15 23:25:44,1,1,1,1,1,1,1
nell-byler,astrodata2014-julia,WatchEvent,https://github.com/kbarbary/astrodata2014-julia,2014-09-14 22:30:23,1,1,1,1,1,1,1
drphilmarshall,emcee,PullRequestEvent,https://github.com/dfm/emcee,2011-11-07 16:17:08,1,1,1,1,1,1,1
drphilmarshall,emcee,PushEvent,https://github.com/drphilmarshall/emcee,2012-04-06 20:40:10,1,1,1,1,1,1,1
nell-byler,HackWeek2014,WatchEvent,https://github.com/yoachim/HackWeek2014,2014-09-15 21:35:34,1,1,1,1,1,1,1
kapadia,kaggle-galaxies,WatchEvent,https://github.com/benanne/kaggle-galaxies,2014-04-15 10:14:25,1,1,1,1,1,1,1
kbarbary,sncosmo,PullRequestEvent,https://github.com/sncosmo/sncosmo,2012-11-29 22:22:17,1,1,1,1,1,1,1
jradavenport,FlareTests_AstroHackWeek,MemberEvent,https://github.com/jradavenport/FlareTests_AstroHackWeek,2014-09-16 21:24:53,1,1,1,1,1,1,1
kapadia,nestle,WatchEvent,https://github.com/kbarbary/nestle,2013-07-18 19:28:48,1,1,1,1,1,1,1
fperez,test,CreateEvent,https://github.com/fperez/test,2014-09-15 23:25:44,1,1,1,1,1,1,1
kapadia,KaTeX,WatchEvent,https://github.com/Khan/KaTeX,2013-07-05 09:01:54,1,1,1,1,1,1,1
